Player,Team,Position,Age,Date of Birth,Birth City,Birth State/Province,Birth Country,Nationality,Height (in),Weight (lbs),Draft Year,Draft Team,Draft Round,Round Pick,Overall Draft Position
A.J. Greer,NJD,LW,28,1996-12-14,Joliette,QC,CAN,CAN,75,208,2015,COL,2,9,39
Aaron Ekblad,FLA,D,29,1996-02-07,Windsor,ON,CAN,CAN,76,215,2014,FLA,1,1,1
Aaron Ness,ARI,D,34,1990-05-18,Roseau,MN,USA,USA,70,184,2008,NYI,2,10,40
Adam Boqvist,CHI,D,24,2000-08-15,Falun,,SWE,SWE,72,182,2018,CHI,1,8,8
Adam Brooks,TOR,C,28,1996-05-06,Winnipeg,MB,CAN,CAN,72,179,2016,TOR,4,1,92
Adam Erne,DET,LW,30,1995-04-20,New Haven,CT,USA,USA,73,212,2013,T.B,2,3,33
Adam Fox,NYR,D,27,1998-02-17,Jericho,NY,USA,USA,71,182,2016,CGY,3,5,66
Adam Gaudette,"CHI, VAN",C,28,1996-10-03,Braintree,MA,USA,USA,73,194,2015,VAN,5,28,149
Adam Henrique,ANA,C,35,1990-02-06,Brantford,ON,CAN,CAN,72,195,2008,N.J,3,21,82
Adam Larsson,EDM,D,32,1992-11-12,Skellefteå,,SWE,SWE,75,209,2011,N.J,1,4,4
Adam Lowry,WPG,C,32,1993-03-29,St. Louis,MO,USA,USA,78,208,2011,WPG,3,6,67
Adam Pelech,NYI,D,30,1994-08-16,Toronto,ON,CAN,CAN,75,210,2012,NYI,3,4,65
Adam Ruzicka,CGY,C,25,1999-05-11,Bratislava,,SVK,SVK,76,215,2017,CGY,4,16,109
Adrian Kempe,LAK,C,28,1996-09-13,Kramfors,,SWE,SWE,74,200,2014,L.A,1,29,29
Alec Martinez,VGK,D,37,1987-07-26,Rochester Hills,MI,USA,USA,73,210,2007,L.A,4,4,95
Alec Regula,CHI,D,24,2000-08-06,West Bloomfield,MI,USA,USA,76,208,2018,DET,3,5,67
Aleksander Barkov,FLA,C,29,1995-09-02,Tampere,,FIN,FIN,75,215,2013,FLA,1,2,2
Aleksi Heponiemi,FLA,C,26,1999-01-09,Tampere,,FIN,FIN,70,155,2017,FLA,2,9,40
Alex Barre-Boulet,TBL,C,27,1997-05-21,Montmagny,QC,CAN,CAN,70,180,-,-,-,-,-
Alex Belzile,MTL,RW,33,1991-08-31,Riviere-du-Loup,QC,CAN,CAN,72,196,-,-,-,-,-
Alex Biega,DET,D,37,1988-04-04,Montreal,QC,CAN,CAN,70,195,2006,BUF,5,24,147
Alex Chiasson,EDM,RW,34,1990-10-01,Montreal,QC,CAN,CAN,76,208,2009,DAL,2,8,38
Alex DeBrincat,CHI,LW,27,1997-12-18,Farmington Hills,MI,USA,USA,68,178,2016,CHI,2,9,39
Alex Formenton,OTT,LW,25,1999-09-13,Barrie,ON,CAN,CAN,75,195,2017,OTT,2,16,47
Alex Galchenyuk,"OTT, TOR","C, LW",31,1994-02-12,Milwaukee,WI,USA,USA,73,194,2012,MTL,1,3,3
Alex Goligoski,ARI,D,39,1985-07-30,Grand Rapids,MN,USA,USA,71,173,2004,PIT,2,31,61
Alex Iafallo,LAK,LW,31,1993-12-21,Eden,NY,USA,USA,72,200,-,-,-,-,-
Alex Killorn,TBL,LW,35,1989-09-14,Halifax,NS,CAN,CAN,73,194,2007,T.B,3,16,77
Alex Newhook,COL,C,24,2001-01-28,St. John's,NL,CAN,CAN,70,190,2019,COL,1,16,16
Alex Ovechkin,WSH,LW,39,1985-09-17,Moscow,,RUS,RUS,75,238,2004,WSH,1,1,1
Alex Pietrangelo,VGK,D,35,1990-01-18,King City,ON,CAN,CAN,75,215,2008,STL,1,4,4
Alex Tuch,VGK,RW,28,1996-05-10,Syracuse,NY,USA,USA,76,219,2014,MIN,1,18,18
Alex Wennberg,FLA,C,30,1994-09-22,Stockholm,,SWE,SWE,74,190,2013,CBJ,1,14,14
Alexander Barabanov,"SJS, TOR",LW,30,1994-06-17,St. Petersburg,,RUS,RUS,70,195,-,-,-,-,-
Alexander Chmelevski,SJS,C,25,1999-06-09,Newport Beach,CA,USA,USA,72,188,2017,S.J,6,30,185
Alexander Edler,VAN,D,39,1986-04-21,Ostersund,,SWE,SWE,76,210,2004,VAN,3,26,91
Alexander Kerfoot,TOR,C,30,1994-08-11,Vancouver,BC,CAN,CAN,71,186,2012,N.J,5,29,150
Alexander Radulov,DAL,RW,38,1986-07-05,Nizhny Tagil,,RUS,RUS,73,200,2004,NSH,1,15,15
Alexander Romanov,MTL,D,25,2000-01-06,Moscow,,RUS,RUS,73,215,2018,MTL,2,7,38
Alexander True,SJS,C,27,1997-07-17,Kobenhavn,,DNK,DNK,77,200,-,-,-,-,-
Alexander Volkov,"ANA, TBL",RW,27,1997-08-02,Moscow,,RUS,RUS,73,195,2017,T.B,2,17,48
Alexandre Carrier,NSH,D,28,1996-10-08,Quebec City,QC,CAN,CAN,71,174,2015,NSH,4,24,115
Alexandre Texier,CBJ,C,25,1999-09-13,St. Martin D'heres,,FRA,FRA,73,186,2017,CBJ,2,14,45
Alexis Lafreniere,NYR,LW,23,2001-10-11,St-Eustache,QC,CAN,CAN,73,195,2020,NYR,1,1,1
Anders Bjork,"BOS, BUF",LW,28,1996-08-05,Mequon,WI,USA,USA,72,190,2014,BOS,5,26,146
Anders Lee,NYI,LW,34,1990-07-03,Edina,MN,USA,USA,75,235,2009,NYI,6,1,152
Andre Burakovsky,COL,LW,30,1995-02-09,Klagenfurt,,AUT,SWE,75,209,2013,WSH,1,23,23
Andreas Athanasiou,LAK,C,30,1994-08-06,London,ON,CAN,CAN,74,190,2012,DET,4,19,110
Andreas Borgman,TBL,D,29,1995-06-18,Stockholm,,SWE,SWE,72,200,-,-,-,-,-
Andreas Johnsson,NJD,LW,30,1994-11-21,Gavle,,SWE,SWE,70,195,2013,TOR,7,21,202
Andrei Svechnikov,CAR,RW,25,2000-03-26,Barnual,,RUS,RUS,74,195,2018,CAR,1,2,2
Andrej Sekera,DAL,D,38,1986-06-08,Bojnice,,SVK,SVK,72,200,2004,BUF,3,6,71
Andrew Agozzino,ANA,LW,34,1991-01-03,Kleinburg,ON,CAN,CAN,70,187,-,-,-,-,-
Andrew Cogliano,DAL,C,37,1987-06-14,Toronto,ON,CAN,CAN,70,179,2005,EDM,1,25,25
Andrew Copp,WPG,C,30,1994-07-08,Ann Arbor,MI,USA,USA,73,199,2013,WPG,4,13,104
Andrew Mangiapane,CGY,LW,29,1996-04-04,Toronto,ON,CAN,CAN,70,184,2015,CGY,6,15,166
Andrew Peeke,CBJ,D,27,1998-03-17,Parkland,FL,USA,USA,75,210,2016,CBJ,2,4,34
Andrew Shaw,CHI,RW,33,1991-07-20,Belleville,ON,CAN,CAN,71,182,2011,CHI,5,18,139
Andy Andreoff,PHI,C,33,1991-05-17,Pickering,ON,CAN,CAN,73,208,2011,L.A,3,19,80
Andy Greene,NYI,D,42,1982-10-30,Trenton,MI,USA,USA,71,190,-,-,-,-,-
Andy Welinski,ANA,D,32,1993-04-27,Duluth,MN,USA,USA,74,212,2011,ANA,3,22,83
Anthony Angello,PIT,C,29,1996-03-06,Albany,NY,USA,USA,77,210,2014,PIT,5,25,145
Anthony Beauvillier,NYI,LW,27,1997-06-08,Sorel-Tracy,QC,CAN,CAN,71,180,2015,NYI,1,28,28
Anthony Bitetto,NYR,D,34,1990-07-15,Island Park,NY,USA,USA,73,222,2010,NSH,6,18,168
Anthony Cirelli,TBL,C,27,1997-07-15,Etobicoke,ON,CAN,CAN,72,189,2015,T.B,3,11,72
Anthony Duclair,FLA,LW,29,1995-08-26,Pointe-Claire,QC,CAN,CAN,71,197,2013,NYR,3,19,80
Anthony Mantha,"DET, WSH",RW,30,1994-09-16,Longueuil,QC,CAN,CAN,77,234,2013,DET,1,20,20
Antoine Roussel,VAN,LW,35,1989-11-21,Roubaix,,FRA,FRA,71,200,-,-,-,-,-
Anton Blidh,BOS,LW,30,1995-03-14,Molnlycke,,SWE,SWE,73,197,2013,BOS,6,29,180
Anton Stralman,FLA,D,38,1986-08-01,Tibro,,SWE,SWE,71,193,2005,TOR,7,22,216
Antti Suomela,SJS,C,31,1994-03-17,Espoo,,FIN,FIN,72,180,-,-,-,-,-
Anze Kopitar,LAK,C,37,1987-08-24,Jesenice,,SVN,SVN,75,225,2005,L.A,1,11,11
Artem Anisimov,OTT,C,36,1988-05-24,Yaroslavl,,RUS,RUS,76,199,2006,NYR,2,24,54
Artem Zub,OTT,D,29,1995-10-03,Khabarovsk,,RUS,RUS,74,200,-,-,-,-,-
Artemi Panarin,NYR,LW,33,1991-10-30,Korkino,,RUS,RUS,72,173,-,-,-,-,-
Arthur Kaliyev,LAK,RW,23,2001-06-26,New York City,,USA,USA,74,210,2019,L.A,2,2,33
Arttu Ruotsalainen,BUF,C,27,1997-10-29,Oulu,,FIN,FIN,68,187,-,-,-,-,-
Artturi Lehkonen,MTL,LW,29,1995-07-04,Piikkio,,FIN,FIN,71,179,2013,MTL,2,25,55
Austin Czarnik,NYI,C,32,1992-12-12,Detroit,MI,USA,USA,69,170,-,-,-,-,-
Austin Poganski,STL,RW,29,1996-02-16,St. Cloud,MN,USA,USA,73,198,2014,STL,4,20,110
Austin Strand,LAK,D,28,1997-02-17,Calgary,AB,CAN,,75,215,-,-,-,-,-
Austin Wagner,LAK,LW,27,1997-06-23,Calgary,AB,CAN,CAN,73,195,2015,L.A,4,8,99
Austin Watson,OTT,LW,33,1992-01-13,Ann Arbor,MI,USA,USA,76,204,2010,NSH,1,18,18
Auston Matthews,TOR,C,27,1997-09-17,San Ramon,CA,USA,USA,75,208,2016,TOR,1,1,1
Barclay Goodrow,TBL,C,32,1993-02-26,Toronto,ON,CAN,CAN,74,204,-,-,-,-,-
Barrett Hayton,ARI,C,24,2000-06-09,Peterborough,ON,CAN,CAN,73,207,2018,ARI,1,5,5
Ben Chiarot,MTL,D,33,1991-05-09,Hamilton,ON,CAN,CAN,75,232,2009,ATL,4,29,120
Ben Harpur,NSH,D,30,1995-01-12,Hamilton,ON,CAN,CAN,78,231,2013,OTT,4,17,108
Ben Hutton,"ANA, TOR",D,32,1993-04-20,Brockville,ON,CAN,CAN,75,201,2012,VAN,5,26,147
Ben Thomas,TBL,D,28,1996-05-28,Calgary,AB,CAN,CAN,73,187,2014,T.B,4,29,119
Blake Coleman,TBL,C,33,1991-11-28,Plano,TX,USA,USA,71,199,2011,N.J,3,14,75
Blake Comeau,DAL,LW,39,1986-02-18,Meadow Lake,SK,CAN,CAN,73,200,2004,NYI,2,17,47
Blake Lizotte,LAK,C,27,1997-12-13,Lindstrom,MN,USA,USA,69,170,-,-,-,-,-
Blake Wheeler,WPG,RW,38,1986-08-31,Plymouth,MN,USA,USA,77,220,2004,PHX,1,5,5
Bo Horvat,VAN,C,30,1995-04-05,London,ON,CAN,CAN,72,215,2013,VAN,1,9,9
Bobby Ryan,DET,RW,38,1987-03-17,Cherry Hill,NJ,USA,USA,74,208,2005,ANA,1,2,2
Boone Jenner,CBJ,C,31,1993-06-15,Dorchester,ON,CAN,CAN,74,203,2011,CBJ,2,7,37
Bowen Byram,COL,D,23,2001-06-13,Cranbrook,BC,CAN,CAN,73,190,2019,COL,1,4,4
Brad Hunt,MIN,D,36,1988-08-24,Maple Ridge,BC,CAN,CAN,69,177,-,-,-,-,-
Brad Marchand,BOS,"C, LW",36,1988-05-11,Halifax,NS,CAN,CAN,69,176,2006,BOS,3,8,71
Brad Richardson,NSH,RW,40,1985-02-04,Belleville,ON,CAN,CAN,72,190,2003,COL,5,27,163
Brady Keeper,FLA,D,28,1996-06-05,Cross Lake,MB,CAN,CAN,74,197,-,-,-,-,-
Brady Skjei,CAR,D,31,1994-03-26,Lakeville,MN,USA,USA,75,210,2012,NYR,1,28,28
Brady Tkachuk,OTT,LW,25,1999-09-16,Scottsdale,AZ,USA,USA,76,221,2018,OTT,1,4,4
Brandon Carlo,BOS,D,28,1996-11-26,Colorado Springs,CO,USA,USA,78,218,2015,BOS,2,7,37
Brandon Davidson,BUF,D,33,1991-08-21,Taber,AB,CAN,CAN,74,204,2010,EDM,6,12,162
Brandon Hagel,CHI,LW,26,1998-08-27,Saskatoon,SK,CAN,CAN,74,179,2016,BUF,6,8,159
Brandon Montour,"BUF, FLA",D,31,1994-04-11,Brantford,ON,CAN,CAN,72,194,2014,ANA,2,25,55
Brandon Pirri,CHI,C,34,1991-04-10,Toronto,ON,CAN,CAN,72,180,2009,CHI,2,29,59
Brandon Saad,COL,LW,32,1992-10-27,Pittsburgh,PA,USA,USA,73,215,2011,CHI,2,13,43
Brandon Sutter,VAN,C,36,1989-02-14,Huntington,NY,USA,CAN,75,190,2007,CAR,1,11,11
Brandon Tanev,PIT,LW,33,1991-12-31,Toronto,ON,CAN,CAN,72,189,-,-,-,-,-
Brayden McNabb,VGK,D,34,1991-01-21,Davidson,SK,CAN,CAN,76,215,2009,BUF,3,5,66
Brayden Point,TBL,C,29,1996-03-13,Calgary,AB,CAN,CAN,71,180,2014,T.B,3,19,79
Brayden Schenn,STL,C,33,1991-08-22,Saskatoon,SK,CAN,CAN,73,199,2009,L.A,1,5,5
Braydon Coburn,"NYI, OTT",D,40,1985-02-27,Shaunavon,SK,CAN,CAN,77,224,2003,ATL,1,8,8
Brendan Gallagher,MTL,RW,32,1992-05-06,Edmonton,AB,CAN,CAN,69,186,2010,MTL,5,27,147
Brendan Lemieux,"LAK, NYR",LW,29,1996-03-15,Denver,CO,USA,USA,73,215,2014,BUF,2,1,31
Brendan Smith,NYR,D,36,1989-02-08,Mimico,ON,CAN,CAN,74,200,2007,DET,1,27,27
Brenden Dillon,WSH,D,34,1990-11-13,New Westminster,BC,CAN,CAN,76,224,-,-,-,-,-
Brent Burns,SJS,D,40,1985-03-09,Barrie,ON,CAN,CAN,77,230,2003,MIN,1,20,20
Brett Connolly,"CHI, FLA",RW,33,1992-05-02,Campbell River,BC,CAN,CAN,75,198,2010,T.B,1,6,6
Brett Howden,NYR,C,27,1998-03-29,Calgary,AB,CAN,CAN,74,203,2016,T.B,1,27,27
Brett Kulak,MTL,D,31,1994-01-06,Edmonton,AB,CAN,CAN,73,197,2012,CGY,4,14,105
Brett Murray,BUF,LW,26,1998-07-20,Bolton,ON,CAN,CAN,77,228,2016,BUF,4,8,99
Brett Pesce,CAR,D,30,1994-11-15,Tarrytown,NY,USA,USA,75,206,2013,CAR,3,5,66
Brett Ritchie,CGY,RW,31,1993-07-01,Orangeville,ON,CAN,CAN,76,215,2011,DAL,2,14,44
Brian Dumoulin,PIT,D,33,1991-09-06,Biddeford,ME,USA,USA,76,207,2009,CAR,2,21,51
Brian Pinho,WSH,C,29,1995-05-11,Beverly,MA,USA,USA,73,186,2013,WSH,6,23,174
Brinson Pasichnuk,SJS,D,27,1997-11-24,Bonnyville,AB,CAN,CAN,72,205,-,-,-,-,-
Brock Boeser,VAN,RW,28,1997-02-25,Burnsville,MN,USA,USA,73,208,2015,VAN,1,23,23
Brock McGinn,CAR,LW,31,1994-02-02,Fergus,ON,CAN,CAN,72,187,2012,CAR,2,17,47
Brock Nelson,NYI,C,33,1991-10-15,Warroad,MN,USA,USA,76,210,2010,NYI,1,30,30
Brogan Rafferty,VAN,D,29,1995-05-28,WEST DUNDEE,IL,USA,USA,72,195,-,-,-,-,-
Bryan Rust,PIT,RW,32,1992-05-11,Pontiac,MI,USA,USA,71,192,2010,PIT,3,20,80
Buddy Robinson,CGY,RW,33,1991-09-30,Bellmawr,NJ,USA,USA,78,232,-,-,-,-,-
Byron Froese,CGY,C,34,1991-03-12,Winkler,MB,CAN,CAN,73,202,2009,CHI,4,28,119
C.J. Smith,BUF,LW,30,1994-12-01,Des Moines,IA,USA,USA,71,191,-,-,-,-,-
Cal Clutterbuck,NYI,RW,37,1987-11-18,Welland,ON,CAN,CAN,72,212,2006,MIN,3,9,72
Cal Foote,TBL,D,26,1998-12-13,Denver,CO,USA,USA,77,224,2017,T.B,1,14,14
Cale Makar,COL,D,26,1998-10-30,Calgary,AB,CAN,CAN,71,187,2017,COL,1,4,4
Caleb Jones,EDM,D,27,1997-06-06,Arlington,TX,USA,USA,73,194,2015,EDM,4,26,117
Calen Addison,MIN,D,25,2000-04-11,Brandon,MB,CAN,CAN,71,173,2018,PIT,2,22,53
Calle Jarnkrok,NSH,C,33,1991-09-25,Gavle,,SWE,SWE,72,192,2010,DET,2,21,51
Calvin de Haan,CHI,D,33,1991-05-09,Carp,ON,CAN,CAN,73,195,2009,NYI,1,12,12
Cam Atkinson,CBJ,RW,35,1989-06-05,Riverside,CT,USA,USA,68,176,2008,CBJ,6,6,157
Cam Fowler,ANA,D,33,1991-12-05,Windsor,ON,CAN,USA,74,215,2010,ANA,1,12,12
Cam York,PHI,D,24,2001-01-05,Anaheim,CA,USA,USA,71,175,2019,PHI,1,14,14
Cameron Hughes,BOS,C,28,1996-10-09,Edmonton,AB,CAN,CAN,72,183,2015,BOS,6,14,165
Carl Grundstrom,LAK,RW,27,1997-12-01,Umea,,SWE,SWE,72,195,2016,TOR,2,27,57
Carl Gunnarsson,STL,D,38,1986-11-09,Orebro,,SWE,SWE,74,198,2007,TOR,7,13,194
Carl Hagelin,WSH,LW,36,1988-08-23,Sodertalje,,SWE,SWE,72,183,2007,NYR,6,17,168
Carl Soderberg,"CHI, COL",C,39,1985-10-12,Malmo,,SWE,SWE,75,210,2004,STL,2,19,49
Carsen Twarynski,PHI,LW,27,1997-11-24,St. Albert,AB,CAN,CAN,74,198,2016,PHI,3,21,82
Carson Soucy,MIN,D,30,1994-07-27,Viking,AB,CAN,CAN,77,208,2013,MIN,5,16,137
Carter Rowney,ANA,C,35,1989-05-10,Grand Prairie,AB,CAN,CAN,74,208,-,-,-,-,-
Carter Verhaeghe,FLA,C,29,1995-08-14,Toronto,ON,CAN,CAN,74,180,2013,TOR,3,21,82
Casey Cizikas,NYI,C,34,1991-02-27,Toronto,ON,CAN,CAN,71,190,2009,NYI,4,1,92
Casey Mittelstadt,BUF,C,26,1998-11-22,Edina,MN,USA,USA,73,195,2017,BUF,1,8,8
Cedric Paquette,"CAR, OTT",C,31,1993-08-13,Gaspe,QC,CAN,CAN,72,205,2012,T.B,4,10,101
Chad Ruhwedel,PIT,D,34,1990-05-07,San Diego,CA,USA,USA,71,191,-,-,-,-,-
Chandler Stephenson,VGK,C,31,1994-04-22,Saskatoon,SK,CAN,CAN,72,209,2012,WSH,3,16,77
Charlie Coyle,BOS,C,33,1992-03-02,E. Weymouth,MA,USA,USA,75,223,2010,S.J,1,28,28
Charlie McAvoy,BOS,D,27,1997-12-21,Long Beach,NY,USA,USA,73,209,2016,BOS,1,14,14
Chase De Leo,ANA,C,29,1995-10-25,La Mirada,CA,USA,USA,69,185,2014,WPG,4,9,99
Chris Kreider,NYR,LW,34,1991-04-30,Boxford,MA,USA,USA,75,230,2009,NYR,1,19,19
Chris Tanev,CGY,D,35,1989-12-20,Toronto,ON,CAN,CAN,74,193,-,-,-,-,-
Chris Tierney,OTT,C,30,1994-07-01,Keswick,ON,CAN,CAN,73,191,2012,S.J,2,25,55
Chris Wagner,BOS,RW,33,1991-05-27,Walpole,MA,USA,USA,72,192,2010,ANA,5,2,122
Christian Djoos,DET,D,30,1994-08-06,Gothenburg,,SWE,SWE,72,180,2012,WSH,7,14,195
Christian Dvorak,ARI,C,29,1996-02-02,Palos,IL,USA,USA,73,193,2014,ARI,2,28,58
Christian Fischer,ARI,RW,28,1997-04-15,Chicago,IL,USA,USA,74,212,2015,ARI,2,2,32
Christian Jaros,SJS,D,29,1996-04-02,Kosice,,SVK,SVK,75,222,2015,OTT,5,18,139
Christian Wolanin,"LAK, OTT",D,30,1995-03-17,Quebec City,QC,CAN,CAN,74,190,2015,OTT,4,16,107
Clark Bishop,OTT,C,29,1996-03-29,St. John's,NL,CAN,CAN,73,197,2014,CAR,5,7,127
Claude Giroux,PHI,C,37,1988-01-12,Hearst,ON,CAN,CAN,71,190,2006,PHI,1,22,22
Clayton Keller,ARI,RW,26,1998-07-29,Chesterfield,MO,USA,USA,70,178,2016,ARI,1,7,7
Cody Ceci,PIT,D,31,1993-12-21,Ottawa,ON,CAN,CAN,74,210,2012,OTT,1,15,15
Cody Eakin,BUF,C,33,1991-05-24,Winnipeg,MB,CAN,CAN,72,196,2009,WSH,3,24,85
Cody Glass,VGK,C,26,1999-04-01,Winnipeg,MB,CAN,CAN,75,206,2017,VGK,1,6,6
Cole Caufield,MTL,RW,24,2001-01-02,Mosinee,WI,USA,USA,67,174,2019,MTL,1,15,15
Cole Smith,NSH,LW,29,1995-10-28,Brainerd,MN,USA,USA,75,195,-,-,-,-,-
Colin Blackwell,NYR,C,32,1993-03-28,Lawrence,MA,USA,USA,69,190,2011,S.J,7,13,193
Colin Miller,BUF,D,32,1992-10-29,Sault Ste. Marie,ON,CAN,CAN,73,200,2012,L.A,5,30,151
Colin White,OTT,C,28,1997-01-30,Boston,MA,USA,USA,73,194,2015,OTT,1,21,21
Colton Parayko,STL,D,31,1993-05-12,St. Albert,AB,CAN,CAN,78,228,2012,STL,3,25,86
Colton Sceviour,PIT,"C, RW",36,1989-04-20,Red Deer,AB,CAN,CAN,72,190,2007,DAL,4,21,112
Colton Sissons,NSH,C,31,1993-11-05,North Vancouver,BC,CAN,CAN,73,200,2012,NSH,2,20,50
Colton White,NJD,D,28,1997-05-03,London,ON,CAN,CAN,73,187,2015,N.J,4,6,97
Connor Brown,OTT,RW,31,1994-01-14,Toronto,ON,CAN,CAN,72,181,2012,TOR,6,5,156
Connor Bunnaman,PHI,C,27,1998-04-16,Guelph,ON,CAN,CAN,73,207,2016,PHI,4,18,109
Connor Carrick,NJD,D,31,1994-04-13,Orland Park,IL,USA,USA,70,198,2012,WSH,5,16,137
Connor Clifton,BOS,D,30,1995-04-28,Long Branch,NJ,USA,USA,71,190,2013,PHX,5,12,133
Connor Mackey,CGY,D,28,1996-09-12,Tower Lakes,IL,USA,USA,74,197,-,-,-,-,-
Connor McDavid,EDM,C,28,1997-01-13,Richmond Hill,ON,CAN,CAN,73,193,2015,EDM,1,1,1
Connor McMichael,WSH,C,24,2001-01-15,Ajax,ON,CAN,CAN,72,180,2019,WSH,1,25,25
Connor Murphy,CHI,D,32,1993-03-26,Dublin,OH,USA,USA,76,212,2011,PHX,1,20,20
Conor Garland,ARI,RW,29,1996-03-11,Scituate,MA,USA,USA,70,165,2015,ARI,5,2,123
Conor Sheary,WSH,LW,32,1992-06-08,Winchester,MA,USA,USA,69,179,-,-,-,-,-
Conor Timmins,COL,D,26,1998-09-18,St. Catharines,ON,CAN,CAN,74,202,2017,COL,2,1,32
Corey Perry,MTL,RW,39,1985-05-16,Peterborough,ON,CAN,CAN,75,208,2003,ANA,1,28,28
Craig Smith,BOS,C,35,1989-09-05,Madison,WI,USA,USA,72,204,2009,NSH,4,7,98
Curtis Lazar,"BOS, BUF",C,30,1995-02-02,Salmon Arm,BC,CAN,CAN,72,203,2013,OTT,1,17,17
Dakota Joshua,STL,C,28,1996-05-15,Dearborn,MI,USA,USA,75,206,2014,TOR,5,8,128
Dakota Mermis,MIN,D,31,1994-01-05,Alton,IL,USA,USA,72,195,-,-,-,-,-
Damon Severson,NJD,D,30,1994-08-07,Melville,SK,CAN,CAN,74,205,2012,N.J,2,30,60
Dan Renouf,COL,D,30,1994-06-01,Pickering,ON,CAN,CAN,73,198,-,-,-,-,-
Daniel Carr,WSH,LW,33,1991-11-01,Sherwood Park,AB,CAN,CAN,72,186,-,-,-,-,-
Daniel Sprong,WSH,RW,28,1997-03-17,Amsterdam,,NLD,NLD,72,202,2015,PIT,2,16,46
Daniel Walcott,TBL,LW,31,1994-02-19,Ile Perrot,QC,CAN,CAN,73,175,2014,NYR,5,20,140
Danny DeKeyser,DET,D,35,1990-03-07,Detroit,MI,USA,USA,75,183,-,-,-,-,-
Dante Fabbro,NSH,D,26,1998-06-20,Coquitlam,BC,CAN,CAN,72,189,2016,NSH,1,17,17
Danton Heinen,ANA,LW,29,1995-07-05,Langley,BC,CAN,CAN,73,188,2014,BOS,4,26,116
Darnell Nurse,EDM,D,30,1995-02-04,Hamilton,ON,CAN,CAN,76,221,2013,EDM,1,7,7
Darren Helm,DET,LW,38,1987-01-21,St. Andrews,MB,CAN,CAN,72,192,2005,DET,5,7,132
David Backes,ANA,RW,41,1984-05-01,Minneapolis,MN,USA,USA,75,215,2003,STL,2,32,62
David Farrance,NSH,D,25,1999-06-23,Rochester,NY,USA,USA,71,189,2017,NSH,3,30,92
David Gustafsson,WPG,C,25,2000-04-11,Tingsryd,,SWE,SWE,74,212,2018,WPG,2,29,60
David Kampf,CHI,C,30,1995-01-12,Chomutov,,CZE,CZE,74,197,-,-,-,-,-
David Kase,PHI,RW,28,1997-01-28,Kadan,,CZE,CZE,71,169,2015,PHI,5,7,128
David Krejci,BOS,C,39,1986-04-28,Sternberk,,CZE,CZE,72,192,2004,BOS,2,33,63
David Pastrnak,BOS,RW,28,1996-05-25,Havirov,,CZE,CZE,73,195,2014,BOS,1,25,25
David Perron,STL,LW,36,1988-05-28,Sherbrooke,QC,CAN,CAN,73,196,2007,STL,1,26,26
David Savard,"CBJ, TBL",D,34,1990-10-22,St. Hyacinthe,QC,CAN,CAN,73,235,2009,CBJ,4,3,94
Dean Kukan,CBJ,D,31,1993-07-08,Volketswil,,CHE,CHE,74,190,-,-,-,-,-
Denis Gurianov,DAL,RW,27,1997-06-07,Togliatti,,RUS,RUS,75,205,2015,DAL,1,12,12
Dennis Cholowski,DET,D,27,1998-02-15,Langley,BC,CAN,CAN,74,210,2016,DET,1,20,20
Dennis Gilbert,COL,D,28,1996-10-30,Buffalo,NY,USA,USA,74,216,2015,CHI,3,30,91
Derek Forbort,WPG,D,33,1992-03-04,Duluth,MN,USA,USA,76,208,2010,L.A,1,15,15
Derek Grant,ANA,C,35,1990-04-20,Abbotsford,BC,CAN,CAN,75,210,2008,OTT,4,28,119
Derek Ryan,CGY,C,38,1986-12-29,Spokane,WA,USA,USA,70,185,-,-,-,-,-
Derek Stepan,OTT,C,34,1990-06-18,Hastings,MN,USA,USA,71,196,2008,NYR,2,21,51
Derick Brassard,ARI,C,37,1987-09-22,Hull,QC,CAN,CAN,73,200,2006,CBJ,1,6,6
Devin Shore,EDM,C,30,1994-07-19,Ajax,ON,CAN,CAN,73,206,2012,DAL,2,31,61
Devon Toews,COL,D,31,1994-02-21,Abbotsford,BC,CAN,CAN,73,191,2014,NYI,4,18,108
Dillon Dube,CGY,C,26,1998-07-20,Golden,AB,CAN,CAN,71,185,2016,CGY,2,26,56
Dmitry Kulikov,"EDM, NJD",D,34,1990-10-29,Lipetsk,,RUS,RUS,73,201,2009,FLA,1,14,14
Dmitry Orlov,WSH,D,33,1991-07-23,Novokuznetsk,,RUS,RUS,71,214,2009,WSH,2,25,55
Dmytro Timashov,NYI,LW,28,1996-10-01,Kirovograd,,UKR,UKR,70,192,2015,TOR,5,4,125
Dominic Toninato,WPG,C,31,1994-03-09,Duluth,MN,USA,USA,74,191,2012,TOR,5,5,126
Dominik Kahun,EDM,C,29,1995-07-02,Plana,,CZE,DEU,71,175,-,-,-,-,-
Dominik Kubalik,CHI,LW,29,1995-08-21,Plzen,,CZE,CZE,74,190,2013,L.A,7,10,191
Dominik Simon,CGY,C,30,1994-08-08,Prague,,CZE,CZE,71,190,2015,PIT,5,16,137
Dougie Hamilton,CAR,D,31,1993-06-17,Toronto,ON,CAN,CAN,78,230,2011,BOS,1,9,9
Drake Batherson,OTT,RW,27,1998-04-27,Fort Wayne,IN,USA,USA,75,200,2017,OTT,4,28,121
Drake Caggiula,"ARI, BUF",C,30,1994-06-20,Pickering,ON,CAN,CAN,70,176,-,-,-,-,-
Drake Rymsha,LAK,C,26,1998-08-06,Huntington Woods,MI,USA,USA,72,187,2017,L.A,5,14,138
Drew Doughty,LAK,D,35,1989-12-08,London,ON,CAN,CAN,73,210,2008,L.A,1,2,2
Drew O'Connor,PIT,LW,26,1998-06-09,Chatham,NJ,USA,USA,75,200,-,-,-,-,-
Drew Shore,CAR,C,34,1991-01-29,Denver,CO,USA,USA,75,209,2009,FLA,2,14,44
Dryden Hunt,ARI,LW,29,1995-11-24,Cranbrook,BC,CAN,CAN,72,193,-,-,-,-,-
Duncan Keith,CHI,D,41,1983-07-16,Winnipeg,MB,CAN,CAN,73,192,2002,CHI,2,24,54
Dustin Brown,LAK,RW,40,1984-11-04,Ithaca,NY,USA,USA,72,205,2003,L.A,1,13,13
Dylan Coghlan,VGK,D,27,1998-02-19,Duncan,BC,CAN,CAN,74,208,-,-,-,-,-
Dylan Cozens,BUF,C,24,2001-02-09,Whitehorse,YT,CAN,CAN,75,195,2019,BUF,1,7,7
Dylan DeMelo,WPG,D,32,1993-05-01,London,ON,CAN,CAN,72,195,2011,S.J,6,28,179
Dylan Gambrell,SJS,C,28,1996-08-26,Bonney Lake,WA,USA,USA,71,185,2016,S.J,2,30,60
Dylan Larkin,DET,C,28,1996-07-30,Waterford,MI,USA,USA,73,198,2014,DET,1,15,15
Dylan Sikura,VGK,C,29,1995-06-01,Aurora,ON,CAN,CAN,71,170,2014,CHI,6,28,178
Dylan Strome,CHI,C,28,1997-03-07,Mississauga,ON,CAN,CAN,75,200,2015,ARI,1,3,3
Eeli Tolvanen,NSH,RW,26,1999-04-22,Vihti,,FIN,FIN,70,191,2017,NSH,1,30,30
Eetu Luostarinen,FLA,C,26,1998-09-02,Siilinjarvi,,FIN,FIN,75,190,2017,CAR,2,11,42
Egor Zamula,PHI,D,25,2000-03-30,Chelyabinsk,,RUS,RUS,75,177,-,-,-,-,-
Elias Lindholm,CGY,C,30,1994-12-02,Boden,,SWE,SWE,73,202,2013,CAR,1,5,5
Elias Pettersson,VAN,C,26,1998-11-12,Sundsvall,,SWE,SWE,74,176,2017,VAN,1,5,5
Emil Bemstrom,CBJ,C,25,1999-06-01,Nykoping,,SWE,SWE,72,195,2017,CBJ,4,24,117
Eric Robinson,CBJ,LW,29,1995-06-14,BELLMAWR,NJ,USA,USA,74,205,-,-,-,-,-
Eric Staal,"BUF, MTL",C,40,1984-10-29,Thunder Bay,ON,CAN,CAN,76,195,2003,CAR,1,2,2
Erik Brannstrom,OTT,D,25,1999-09-02,Eksjo,,SWE,SWE,70,185,2017,VGK,1,15,15
Erik Cernak,TBL,D,27,1997-05-28,Kosice,,SVK,SVK,76,224,2015,L.A,2,13,43
Erik Gudbranson,"NSH, OTT",D,33,1992-01-07,Ottawa,ON,CAN,CAN,77,222,2010,FLA,1,3,3
Erik Gustafsson,"MTL, PHI",D,33,1992-03-14,Nynashamn,,SWE,SWE,72,197,2012,EDM,4,2,93
Erik Haula,NSH,LW,34,1991-03-23,Pori,,FIN,FIN,71,191,2009,MIN,7,1,182
Erik Johnson,COL,D,37,1988-03-21,Bloomington,MN,USA,USA,76,225,2006,STL,1,1,1
Erik Karlsson,SJS,D,34,1990-05-31,Landsbro,,SWE,SWE,72,190,2008,OTT,1,15,15
Esa Lindell,DAL,D,30,1994-05-23,Vantaa,,FIN,FIN,75,220,2012,DAL,3,13,74
Ethan Bear,EDM,D,27,1997-06-26,Regina,SK,CAN,CAN,71,197,2015,EDM,5,3,124
Evan Bouchard,EDM,D,25,1999-10-20,Oakville,ON,CAN,CAN,75,194,2018,EDM,1,10,10
Evan Rodrigues,PIT,C,31,1993-07-28,Toronto,ON,CAN,CAN,71,184,-,-,-,-,-
Evander Kane,SJS,LW,33,1991-08-02,Vancouver,BC,CAN,CAN,74,210,2009,ATL,1,4,4
Evgeni Malkin,PIT,C,38,1986-07-31,Magnitogorsk,,RUS,RUS,75,195,2004,PIT,1,2,2
Evgenii Dadonov,OTT,RW,36,1989-03-12,Chelyabinsk,,RUS,RUS,71,189,2007,FLA,3,10,71
Evgeny Kuznetsov,WSH,C,32,1992-05-19,Chelyabinsk,,RUS,RUS,74,207,2010,WSH,1,26,26
Evgeny Svechnikov,DET,RW,28,1996-10-31,Yuzhno-Sakhalinsk,,RUS,RUS,75,208,2015,DET,1,19,19
Filip Chlapik,OTT,C,27,1997-06-03,Prague,,CZE,CZE,73,194,2015,OTT,2,18,48
Filip Chytil,NYR,C,25,1999-09-05,Kromeriz,,CZE,CZE,74,204,2017,NYR,1,21,21
Filip Forsberg,NSH,LW,30,1994-08-13,Ostervala,,SWE,SWE,73,205,2012,WSH,1,11,11
Filip Hronek,DET,D,27,1997-11-02,Hradec Kralove,,CZE,CZE,72,190,2016,DET,2,23,53
Filip Zadina,DET,RW,25,1999-11-27,Pardubice,,CZE,CZE,72,190,2018,DET,1,6,6
Frank Vatrano,FLA,C,31,1994-03-14,East Longmeadow,MA,USA,USA,71,197,-,-,-,-,-
Frans Nielsen,DET,C,41,1984-04-24,Herning,,DNK,DNK,73,186,2002,NYI,3,24,87
Frederic Allard,NSH,D,27,1997-12-27,St. Sauveur,QC,CAN,CAN,73,179,2016,NSH,3,17,78
Frederick Gaudreau,PIT,C,32,1993-05-01,Bromont,QC,CAN,CAN,72,184,-,-,-,-,-
Frederik Gauthier,ARI,C,30,1995-04-26,Laval,QC,CAN,CAN,77,239,2013,TOR,1,21,21
Fredrik Claesson,"SJS, TBL",D,32,1992-11-24,Stockholm,,SWE,SWE,73,196,2011,OTT,5,5,126
Fredrik Handemark,SJS,C,31,1993-08-27,Bjorbo,,SWE,SWE,76,210,-,-,-,-,-
Gabriel Carlsson,CBJ,D,28,1997-01-02,Orebro,,SWE,SWE,77,195,2015,CBJ,1,29,29
Gabriel Landeskog,COL,LW,32,1992-11-23,Stockholm,,SWE,SWE,73,215,2011,COL,1,2,2
Gabriel Vilardi,LAK,C,25,1999-08-16,Kingston,ON,CAN,CAN,75,215,2017,L.A,1,11,11
Gaetan Haas,EDM,C,33,1992-01-31,Bonfol,,CHE,CHE,72,181,-,-,-,-,-
Garnet Hathaway,WSH,RW,33,1991-11-23,Kennebunkport,ME,USA,USA,75,208,-,-,-,-,-
Garrett Pilon,WSH,C,27,1998-04-13,Kindersley,SK,CAN,CAN,72,191,2016,WSH,3,26,87
Gavin Bayreuther,CBJ,D,30,1994-05-12,Canaan,NH,USA,USA,73,196,-,-,-,-,-
Gemel Smith,TBL,C,31,1994-04-16,Toronto,ON,CAN,CAN,70,203,2012,DAL,4,13,104
Gerald Mayhew,MIN,C,32,1992-12-31,Wyandotte,MI,USA,USA,69,161,-,-,-,-,-
Givani Smith,DET,RW,27,1998-02-28,Thornhill,ON,CAN,CAN,74,214,2016,DET,2,16,46
Glenn Gawdin,CGY,C,28,1997-03-25,Richmond,BC,CAN,CAN,73,191,2015,STL,4,25,116
Greg McKegg,BOS,C,32,1992-06-17,St. Thomas,ON,CAN,CAN,72,195,2010,TOR,3,2,62
Greg Pateryn,"COL, MIN, SJS",D,34,1990-06-20,Sterling Heights,MI,USA,USA,75,212,2008,TOR,5,7,128
Grigori Denisenko,FLA,LW,24,2000-06-24,Novosibirsk,,RUS,RUS,71,186,2018,FLA,1,15,15
Guillaume Brisebois,VAN,D,27,1997-07-21,Longueuil,QC,CAN,CAN,74,175,2015,VAN,3,5,66
Gustav Forsling,FLA,D,28,1996-06-12,Linkoping,,SWE,SWE,72,186,2014,VAN,5,6,126
Gustav Lindstrom,DET,D,26,1998-10-20,Ostervala,,SWE,SWE,74,186,2017,DET,2,7,38
Hampus Lindholm,ANA,D,31,1994-01-20,Helsingborg,,SWE,SWE,76,215,2012,ANA,1,6,6
Haydn Fleury,"ANA, CAR",D,28,1996-07-08,Carlyle,SK,CAN,CAN,76,208,2014,CAR,1,7,7
Henri Jokiharju,BUF,D,25,1999-06-17,Oulu,,FIN,FIN,72,200,2017,CHI,1,29,29
Hudson Fasching,ARI,RW,29,1995-07-28,Milwaukee,WI,USA,USA,75,204,2013,L.A,4,27,118
Ian Cole,"COL, MIN",D,36,1989-02-21,Ann Arbor,MI,USA,USA,73,225,2007,STL,1,18,18
Ian Mitchell,CHI,D,26,1999-01-18,St. Albert,AB,CAN,CAN,71,193,2017,CHI,2,26,57
Ilya Lyubushkin,ARI,D,31,1994-04-06,Moscow,,RUS,RUS,74,200,-,-,-,-,-
Ilya Mikheyev,TOR,RW,30,1994-10-10,Omsk,,RUS,RUS,74,192,-,-,-,-,-
Isac Lundestrom,ANA,C,25,1999-11-06,Gallivare,,SWE,SWE,72,193,2018,ANA,1,23,23
Ivan Barbashev,STL,C,29,1995-12-14,Moscow,,RUS,RUS,73,195,2014,STL,2,3,33
Ivan Chekhovich,SJS,LW,26,1999-01-04,Yekaterinburg,,RUS,RUS,70,185,2017,S.J,7,26,212
Ivan Provorov,PHI,D,28,1997-01-13,Yaroslavl,,RUS,RUS,73,201,2015,PHI,1,7,7
J.T. Compher,COL,LW,30,1995-04-08,Northbrook,IL,USA,USA,72,190,2013,BUF,2,5,35
J.T. Miller,VAN,C,32,1993-03-14,East Palestine,OH,USA,USA,73,218,2011,NYR,1,15,15
Jaccob Slavin,CAR,D,31,1994-05-01,Denver,CO,USA,USA,75,207,2012,CAR,4,29,120
Jack Ahcan,BOS,D,27,1997-05-18,Savage,MN,USA,USA,68,180,-,-,-,-,-
Jack Eichel,BUF,C,28,1996-10-28,North Chelmsford,MA,USA,USA,74,207,2015,BUF,1,2,2
Jack Hughes,NJD,C,23,2001-05-14,Orlando,FL,USA,USA,71,175,2019,N.J,1,1,1
Jack Johnson,NYR,D,38,1987-01-13,Indianapolis,IN,USA,USA,73,227,2005,CAR,1,3,3
Jack Rathbone,VAN,D,25,1999-05-20,Boston,MA,USA,USA,70,177,2017,VAN,4,2,95
Jack Roslovic,CBJ,C,28,1997-01-29,Columbus,OH,USA,USA,73,200,2015,WPG,1,25,25
Jack Studnicka,BOS,C,26,1999-02-18,Windsor,ON,CAN,CAN,73,187,2017,BOS,2,22,53
Jackson Cates,PHI,C,27,1997-09-28,STILLWATER,MN,USA,USA,72,190,-,-,-,-,-
Jacob Bernard-Docker,OTT,D,24,2000-06-30,Canmore,AB,CAN,CAN,72,190,2018,OTT,1,26,26
Jacob Bryson,BUF,D,27,1997-11-18,London,ON,CAN,CAN,69,176,2017,BUF,4,6,99
Jacob Larsson,ANA,D,28,1997-04-29,Ljungby,,SWE,SWE,74,193,2015,ANA,1,27,27
Jacob MacDonald,COL,D,32,1993-02-26,Portland,OR,USA,,72,204,-,-,-,-,-
Jacob Middleton,SJS,D,29,1996-01-02,Wainwright,AB,CAN,CAN,75,219,2014,L.A,7,30,210
Jacob Trouba,NYR,D,31,1994-02-26,Rochester,MI,USA,USA,75,203,2012,WPG,1,9,9
Jacob de la Rose,STL,LW,29,1995-05-20,Arvika,,SWE,SWE,75,215,2013,MTL,2,4,34
Jaden Schwartz,STL,LW,32,1992-06-25,Wilcox,SK,CAN,CAN,70,185,2010,STL,1,14,14
Jake Bean,CAR,D,26,1998-06-09,Calgary,AB,CAN,CAN,73,196,2016,CAR,1,13,13
Jake DeBrusk,BOS,LW,28,1996-10-17,Edmonton,AB,CAN,CAN,72,197,2015,BOS,1,14,14
Jake Evans,MTL,C,28,1996-06-02,Toronto,ON,CAN,CAN,72,186,2014,MTL,7,27,207
Jake Gardiner,CAR,D,34,1990-07-04,Minnetonka,MN,USA,USA,74,203,2008,ANA,1,17,17
Jake Guentzel,PIT,LW,30,1994-10-06,Omaha,NE,USA,USA,71,180,2013,PIT,3,16,77
Jake McCabe,BUF,D,31,1993-10-12,Eau Claire,WI,USA,USA,73,204,2012,BUF,2,14,44
Jake Muzzin,TOR,D,36,1989-02-21,Woodstock,ON,CAN,CAN,75,227,2007,PIT,5,20,141
Jake Virtanen,VAN,RW,28,1996-08-17,New Westminster,BC,CAN,CAN,73,226,2014,VAN,1,6,6
Jake Walman,STL,D,29,1996-02-20,Toronto,ON,CAN,CAN,74,215,2014,STL,3,22,82
Jakob Chychrun,ARI,D,27,1998-03-31,Boca Raton,FL,USA,USA,74,220,2016,ARI,1,16,16
Jakob Silfverberg,ANA,RW,34,1990-10-13,Gavle,,SWE,SWE,73,207,2009,OTT,2,9,39
Jakub Voracek,PHI,RW,35,1989-08-15,Kladno,,CZE,CZE,74,216,2007,CBJ,1,7,7
Jakub Vrana,"DET, WSH",LW,29,1996-02-28,Prague,,CZE,CZE,72,190,2014,WSH,1,13,13
Jakub Zboril,BOS,D,28,1997-02-21,Brno,,CZE,CZE,73,201,2015,BOS,1,13,13
Jalen Chatfield,VAN,D,28,1996-05-15,Ypsilanti,MI,USA,USA,73,188,-,-,-,-,-
James Neal,EDM,LW,37,1987-09-03,Whitby,ON,CAN,CAN,75,212,2005,DAL,2,3,33
James van Riemsdyk,PHI,LW,36,1989-05-04,Middletown,NJ,USA,USA,75,208,2007,PHI,1,2,2
Jamie Benn,DAL,LW,35,1989-07-18,Victoria,BC,CAN,CAN,74,205,2007,DAL,5,8,129
Jamie Drysdale,ANA,D,23,2002-04-08,Toronto,ON,CAN,CAN,71,183,2020,ANA,1,6,6
Jamie Oleksiak,DAL,D,32,1992-12-21,Toronto,ON,CAN,CAN,79,257,2011,DAL,1,14,14
Jan Jenik,ARI,RW,24,2000-09-15,Nymburk,,CZE,CZE,73,185,2018,ARI,3,3,65
Jan Rutta,TBL,D,34,1990-07-29,Pisek,,CZE,CZE,75,204,-,-,-,-,-
Jani Hakanpaa,"ANA, CAR",D,33,1992-03-31,Kirkkonummi,,FIN,FIN,78,225,2010,STL,4,14,104
Janne Kuokkanen,NJD,"C, LW",26,1998-05-25,Oulunsalo,,FIN,FIN,73,193,2016,CAR,2,13,43
Jansen Harkins,WPG,C,27,1997-05-23,Cleveland,OH,USA,USA,73,182,2015,WPG,2,17,47
Jared McCann,PIT,"C, LW",28,1996-05-31,Stratford,ON,CAN,CAN,73,191,2014,VAN,1,24,24
Jared Spurgeon,MIN,D,35,1989-11-29,Edmonton,AB,CAN,CAN,69,166,2008,NYI,6,5,156
Jaret Anderson-Dolan,LAK,C,25,1999-09-12,Calgary,AB,CAN,CAN,71,200,2017,L.A,2,10,41
Jarred Tinordi,"BOS, NSH",D,33,1992-02-20,Burnsville,MN,USA,USA,78,229,2010,MTL,1,22,22
Jason Demers,ARI,D,36,1988-06-09,Dorval,QC,CAN,CAN,73,195,2008,S.J,7,5,186
Jason Dickinson,DAL,C,29,1995-07-04,Georgetown,ON,CAN,CAN,74,200,2013,DAL,1,29,29
Jason Robertson,DAL,LW,25,1999-07-22,Arcadia,CA,USA,USA,75,200,2017,DAL,2,8,39
Jason Spezza,TOR,C,41,1983-06-13,Toronto,ON,CAN,CAN,75,219,2001,OTT,1,2,2
Jason Zucker,PIT,LW,33,1992-01-16,Newport Beach,CA,USA,USA,71,192,2010,MIN,2,29,59
Jay Beagle,VAN,C,39,1985-10-16,Calgary,AB,CAN,CAN,75,210,-,-,-,-,-
Jayce Hawryluk,VAN,C,29,1996-01-01,Yorkton,SK,CAN,CAN,71,196,2014,FLA,2,2,32
Jayson Megna,COL,C,35,1990-02-01,Fort Lauderdale,FL,USA,USA,73,195,-,-,-,-,-
Jean-Gabriel Pageau,NYI,C,32,1992-11-11,Ottawa,ON,CAN,CAN,71,185,2011,OTT,4,5,96
Jean-Sebastien Dea,BUF,C,31,1994-02-08,Laval,QC,CAN,CAN,71,174,-,-,-,-,-
Jeff Carter,"LAK, PIT",C,40,1985-01-01,London,ON,CAN,CAN,75,219,2003,PHI,1,11,11
Jeff Petry,MTL,D,37,1987-12-09,Ann Arbor,MI,USA,USA,75,209,2006,EDM,2,15,45
Jeff Skinner,BUF,LW,32,1992-05-16,Toronto,ON,CAN,CAN,71,197,2010,CAR,1,7,7
Jeffrey Viel,SJS,LW,28,1997-01-28,Rimouski,QC,CAN,CAN,74,205,-,-,-,-,-
Jeremy Davies,NSH,D,28,1996-12-04,St-Anne-de-Bellevue,QC,CAN,CAN,71,180,2016,N.J,7,11,192
Jeremy Lauzon,BOS,D,28,1997-04-28,Val D'or,QC,CAN,CAN,73,204,2015,BOS,2,22,52
Jesper Boqvist,NJD,C,26,1998-10-30,Falun,,SWE,SWE,72,180,2017,N.J,2,5,36
Jesper Bratt,NJD,LW,26,1998-07-30,Stockholm,,SWE,SWE,70,175,2016,N.J,6,11,162
Jesper Fast,CAR,RW,33,1991-12-02,Nassjo,,SWE,SWE,73,191,2010,NYR,6,7,157
Jesperi Kotkaniemi,MTL,C,24,2000-07-06,Pori,,FIN,FIN,74,201,2018,MTL,1,3,3
Jesse Puljujarvi,EDM,RW,26,1998-05-07,Alvkarleby,,SWE,FIN,76,201,2016,EDM,1,4,4
Jesse Ylonen,MTL,RW,25,1999-10-03,Scottsdale,AZ,USA,USA,73,188,2018,MTL,2,4,35
Jimmy Vesey,"TOR, VAN",LW,31,1993-05-26,Boston,MA,USA,USA,75,202,2012,NSH,3,5,66
Joachim Blichfeld,SJS,RW,26,1998-07-17,Frederikshavn,,DNK,DNK,74,180,2016,S.J,7,29,210
Joakim Nordstrom,CGY,C,33,1992-02-25,Stockholm,,SWE,SWE,73,194,2010,CHI,3,30,90
Joakim Nygard,EDM,LW,32,1993-01-08,Stockholm,,SWE,SWE,72,179,-,-,-,-,-
Joakim Ryan,CAR,D,31,1993-06-17,Rumson,NJ,USA,USA,71,185,2012,S.J,7,17,198
Joe Pavelski,DAL,C,40,1984-07-11,Plover,WI,USA,USA,71,200,2003,S.J,7,8,205
Joe Thornton,TOR,C,45,1979-07-02,London,ON,CAN,CAN,76,220,1997,BOS,1,1,1
Joe Veleno,DET,C,25,2000-01-13,Montreal,QC,CAN,CAN,73,203,2018,DET,1,30,30
Joel Armia,MTL,RW,31,1993-05-31,Pori,,FIN,FIN,75,216,2011,BUF,1,16,16
Joel Edmundson,MTL,D,31,1993-06-28,Brandon,MB,CAN,CAN,77,221,2011,STL,2,16,46
Joel Eriksson Ek,MIN,C,28,1997-01-29,Karlstad,,SWE,SWE,75,207,2015,MIN,1,20,20
Joel Farabee,PHI,LW,25,2000-02-25,Syracuse,NY,USA,USA,72,183,2018,PHI,1,14,14
Joel Hanley,DAL,D,33,1991-06-08,Keswick,ON,CAN,CAN,71,190,-,-,-,-,-
Joel Kellman,SJS,C,30,1994-05-25,Karlskrona,,SWE,SWE,71,192,-,-,-,-,-
Joel Kiviranta,DAL,LW,29,1996-03-23,Vantaa,,FIN,FIN,71,185,-,-,-,-,-
Joel L'Esperance,DAL,C,29,1995-08-18,Brighton,MI,USA,USA,74,210,-,-,-,-,-
Joey Anderson,TOR,RW,26,1998-06-19,Roseville,MN,USA,USA,72,207,2016,N.J,3,12,73
Joey Keane,CAR,D,25,1999-07-02,Chicago,IL,USA,USA,72,187,2018,NYR,3,26,88
Johan Larsson,ARI,LW,32,1992-07-25,Lau,,SWE,SWE,71,206,2010,MIN,2,26,56
John Carlson,WSH,D,35,1990-01-10,Natick,MA,USA,USA,75,215,2008,WSH,1,27,27
John Hayden,ARI,C,30,1995-02-14,Chicago,IL,USA,USA,75,223,2013,CHI,3,13,74
John Klingberg,DAL,D,32,1992-08-14,Gothenburg,,SWE,SWE,75,190,2010,DAL,5,11,131
John Leonard,SJS,LW,26,1998-08-07,Westwood,NJ,USA,USA,71,196,2018,S.J,6,27,182
John Marino,PIT,D,27,1997-05-21,Brockton,MA,USA,USA,73,181,2015,EDM,6,3,154
John Moore,BOS,D,34,1990-11-19,Winnetka,IL,USA,USA,75,207,2009,CBJ,1,21,21
John Tavares,TOR,C,34,1990-09-20,Mississauga,ON,CAN,CAN,73,216,2009,NYI,1,1,1
Johnny Gaudreau,CGY,LW,31,1993-08-13,Salem,NJ,USA,USA,69,165,2011,CGY,4,13,104
Jon Merrill,"DET, MTL",D,33,1992-02-03,Oklahoma City,OK,USA,USA,75,204,2010,N.J,2,8,38
Jonah Gadjovich,VAN,LW,26,1998-10-12,Whitby,ON,CAN,CAN,74,209,2017,VAN,2,24,55
Jonas Brodin,MIN,D,31,1993-07-12,Karlstad,,SWE,SWE,74,196,2011,MIN,1,10,10
Jonas Siegenthaler,"NJD, WSH",D,27,1997-05-06,Zurich,,CHE,CHE,74,218,2015,WSH,2,27,57
Jonathan Drouin,MTL,LW,30,1995-03-28,Ste-Agathe,QC,CAN,CAN,71,198,2013,T.B,1,3,3
Jonathan Huberdeau,FLA,LW,31,1993-06-04,Saint-Jerome,QC,CAN,CAN,73,200,2011,FLA,1,3,3
Jonathan Marchessault,VGK,C,34,1990-12-27,Cap-Rouge,QC,CAN,CAN,69,183,-,-,-,-,-
Jonny Brodzinski,NYR,C,31,1993-06-19,Ham Lake,MN,USA,USA,72,212,2013,L.A,5,27,148
Joonas Donskoi,COL,RW,33,1992-04-13,Raahe,,FIN,FIN,72,185,2010,FLA,4,9,99
Jordan Eberle,NYI,RW,34,1990-05-15,Regina,SK,CAN,CAN,71,190,2008,EDM,1,22,22
Jordan Greenway,MIN,LW,28,1997-02-16,Canton,NY,USA,USA,78,231,2015,MIN,2,20,50
Jordan Gross,ARI,D,29,1995-05-09,Maple Grove,MN,USA,USA,70,190,-,-,-,-,-
Jordan Kyrou,STL,C,26,1998-05-05,Toronto,ON,CAN,CAN,73,196,2016,STL,2,5,35
Jordan Martinook,CAR,LW,32,1992-07-25,Brandon,MB,CAN,CAN,72,196,2012,PHX,2,28,58
Jordan Oesterle,ARI,D,32,1992-06-25,Dearborn Heights,MI,USA,USA,72,187,-,-,-,-,-
Jordan Staal,CAR,C,36,1988-09-10,Thunder Bay,ON,CAN,CAN,76,220,2006,PIT,1,2,2
Jordie Benn,"VAN, WPG",D,37,1987-07-26,Victoria,BC,CAN,CAN,74,201,-,-,-,-,-
Joseph Cramarossa,MIN,C,32,1992-10-26,Toronto,ON,CAN,CAN,73,190,2011,ANA,3,4,65
Josh Anderson,MTL,RW,30,1994-05-07,Burlington,ON,CAN,CAN,75,218,2012,CBJ,4,4,95
Josh Archibald,EDM,RW,32,1992-10-06,Regina,SK,CAN,CAN,70,176,2011,PIT,6,23,174
Josh Bailey,NYI,RW,35,1989-10-02,Bowmanville,ON,CAN,CAN,73,200,2008,NYI,1,9,9
Josh Brown,OTT,D,31,1994-01-21,London,ON,CAN,CAN,77,220,2013,FLA,6,1,152
Josh Currie,PIT,RW,32,1992-10-29,Charlottetown,PE,CAN,CAN,70,172,-,-,-,-,-
Josh Dunne,CBJ,C,26,1998-12-08,O'Fallon,MO,USA,USA,76,211,-,-,-,-,-
Josh Leivo,CGY,LW,31,1993-05-26,Innisfil,ON,CAN,CAN,74,192,2011,TOR,3,25,86
Josh Mahura,ANA,D,26,1998-05-05,St. Albert,AB,CAN,CAN,72,185,2016,ANA,3,24,85
Josh Manson,ANA,D,33,1991-10-07,Hinsdale,IL,USA,CAN,75,218,2011,ANA,6,9,160
Josh Morrissey,WPG,D,30,1995-03-28,Calgary,AB,CAN,CAN,72,185,2013,WPG,1,13,13
Josh Norris,OTT,C,25,1999-05-05,Oxford,MI,USA,USA,74,195,2017,S.J,1,19,19
Juho Lammikko,FLA,C,29,1996-01-29,Noormarkku,,FIN,FIN,74,191,2014,FLA,3,5,65
Jujhar Khaira,EDM,LW,30,1994-08-13,Surrey,BC,CAN,CAN,76,212,2012,EDM,3,2,63
Julien Gauthier,NYR,RW,27,1997-10-15,Pointe-aux-Trembles,QC,CAN,CAN,76,224,2016,CAR,1,21,21
Justin Bailey,VAN,RW,29,1995-07-01,Buffalo,NY,USA,USA,76,214,2013,BUF,2,22,52
Justin Braun,PHI,D,38,1987-02-10,Minneapolis,MN,USA,USA,74,205,2007,S.J,7,20,201
Justin Dowling,DAL,C,34,1990-10-01,Calgary,AB,CAN,CAN,70,180,-,-,-,-,-
Justin Faulk,STL,D,33,1992-03-20,South St.Paul,MN,USA,USA,72,214,2010,CAR,2,7,37
Justin Holl,TOR,D,33,1992-01-30,Tonka Bay,MN,USA,USA,75,197,2010,CHI,2,24,54
Justin Richards,NYR,C,27,1998-03-17,Orlando,FL,USA,USA,71,190,-,-,-,-,-
Justin Schultz,WSH,D,34,1990-07-06,Kelowna,BC,CAN,CAN,74,190,2008,ANA,2,13,43
Juuso Riikola,PIT,D,31,1993-11-09,Joensuu,,FIN,,72,189,-,-,-,-,-
Juuso Valimaki,CGY,D,26,1998-10-06,Tampere,,FIN,FIN,74,205,2017,CGY,1,16,16
K'Andre Miller,NYR,D,25,2000-01-21,St. Paul,MN,USA,USA,77,215,2018,NYR,1,22,22
Kaapo Kakko,NYR,RW,24,2001-02-13,Turku,,FIN,FIN,74,206,2019,NYR,1,2,2
Kailer Yamamoto,EDM,RW,26,1998-09-29,Spokane,WA,USA,USA,68,153,2017,EDM,1,22,22
Kale Clague,LAK,D,26,1998-06-05,Regina,SK,CAN,CAN,72,190,2016,L.A,2,21,51
Karson Kuhlman,BOS,C,29,1995-09-26,Esko,MN,USA,USA,70,184,-,-,-,-,-
Kasperi Kapanen,PIT,RW,28,1996-07-23,Kuopio,,FIN,FIN,73,194,2014,PIT,1,22,22
Keaton Middleton,COL,D,27,1998-02-10,Edmonton,AB,CAN,CAN,78,240,2016,TOR,4,10,101
Keegan Kolesar,VGK,RW,28,1997-04-08,Brandon,MB,CAN,CAN,74,217,2015,CBJ,3,8,69
Keith Yandle,FLA,D,38,1986-09-09,Boston,MA,USA,USA,73,192,2005,PHX,4,14,105
Kenny Agostino,TOR,LW,33,1992-04-30,Morristown,NJ,USA,USA,72,204,2010,PIT,5,20,140
Kevan Miller,BOS,D,37,1987-11-15,Los Angeles,CA,USA,USA,74,210,-,-,-,-,-
Kevin Bahl,NJD,D,24,2000-06-27,New Westminster,BC,CAN,CAN,78,230,-,-,-,-,-
Kevin Connauton,FLA,D,35,1990-02-23,Edmonton,AB,CAN,CAN,74,205,2009,VAN,3,22,83
Kevin Czuczman,PIT,D,34,1991-01-09,Port Elgin,ON,CAN,CAN,75,195,-,-,-,-,-
Kevin Fiala,MIN,LW,28,1996-07-22,St. Gallen,,CHE,CHE,70,204,2014,NSH,1,11,11
Kevin Hayes,PHI,C,32,1992-05-08,Dorchester,MA,USA,USA,77,216,2010,CHI,1,24,24
Kevin Labanc,SJS,RW,29,1995-12-12,Brooklyn,NY,USA,USA,71,185,2014,S.J,6,21,171
Kevin Rooney,NYR,C,31,1993-05-21,Canton,MA,USA,USA,74,190,-,-,-,-,-
Kevin Shattenkirk,ANA,D,36,1989-01-29,New Rochelle,NY,USA,USA,72,212,2007,COL,1,14,14
Kevin Stenlund,CBJ,C,28,1996-09-20,Huddinge,,SWE,SWE,77,215,2015,CBJ,2,28,58
Kiefer Sherwood,COL,LW,30,1995-03-31,Columbus,OH,USA,USA,72,194,-,-,-,-,-
Kieffer Bellows,NYI,LW,26,1998-06-10,Edina,MN,USA,USA,73,195,2016,NYI,1,19,19
Kirby Dach,CHI,C,24,2001-01-21,Fort Saskatchewan,AB,CAN,CAN,76,212,2019,CHI,1,3,3
Kirill Kaprizov,MIN,LW,28,1997-04-26,Novokuznetsk,,RUS,RUS,70,202,2015,MIN,5,14,135
Klim Kostin,STL,C,25,1999-05-05,Penza,,RUS,RUS,75,215,2017,STL,1,31,31
Kole Lind,VAN,RW,26,1998-10-16,Swift Current,SK,CAN,CAN,73,178,2017,VAN,2,2,33
Kole Sherwood,CBJ,RW,28,1997-01-22,Columbus,OH,USA,USA,73,212,-,-,-,-,-
Kris Letang,PIT,D,38,1987-04-24,Montreal,QC,CAN,CAN,72,201,2005,PIT,3,1,62
Kris Russell,EDM,D,38,1987-05-02,Caroline,AB,CAN,CAN,70,170,2005,CBJ,3,6,67
Kristian Vesalainen,WPG,LW,25,1999-06-01,Helsinki,,FIN,FIN,75,207,2017,WPG,1,24,24
Kurtis Gabriel,SJS,RW,32,1993-04-20,Newmarket,ON,CAN,CAN,76,212,2013,MIN,3,20,81
Kurtis MacDermid,LAK,D,31,1994-03-25,Sauble Beach,ON,CAN,CAN,77,233,-,-,-,-,-
Kyle Burroughs,COL,D,29,1995-07-12,Vancouver,BC,CAN,CAN,72,193,2013,NYI,7,15,196
Kyle Capobianco,ARI,D,27,1997-08-13,Mississauga,ON,CAN,CAN,74,201,2015,ARI,3,2,63
Kyle Clifford,STL,LW,34,1991-01-13,Ayr,ON,CAN,CAN,74,217,2009,L.A,2,5,35
Kyle Connor,WPG,LW,28,1996-12-09,Shelby Twp.,MI,USA,USA,74,179,2015,WPG,1,17,17
Kyle Okposo,BUF,RW,37,1988-04-16,St. Paul,MN,USA,USA,72,218,2006,NYI,1,7,7
Kyle Palmieri,"NJD, NYI","C, RW",34,1991-02-01,Smithtown,NY,USA,USA,71,198,2009,ANA,1,26,26
Kyle Rau,MIN,C,32,1992-10-24,Eden Prairie,MN,USA,USA,69,171,2011,FLA,3,30,91
Kyle Turris,EDM,C,35,1989-08-14,New Westminster,BC,CAN,CAN,73,190,2007,PHX,1,3,3
Lane Pederson,ARI,C,27,1997-08-04,Saskatoon,SK,CAN,CAN,72,192,-,-,-,-,-
Lars Eller,WSH,C,35,1989-05-08,Rodovre,,DNK,DNK,74,205,2007,STL,1,13,13
Lawson Crouse,ARI,LW,27,1997-06-23,Mt. Brydges,ON,CAN,CAN,76,215,2015,FLA,1,11,11
Lean Bergmann,SJS,C,26,1998-10-04,Hemer,,DEU,DEU,74,205,-,-,-,-,-
Leo Komarov,NYI,RW,38,1987-01-23,Narva,,EST,FIN,71,205,2006,TOR,6,27,180
Leon Draisaitl,EDM,C,29,1995-10-27,Cologne,,DEU,DEU,74,208,2014,EDM,1,3,3
Liam Foudy,CBJ,C,25,2000-02-04,Toronto,ON,CAN,CAN,74,188,2018,CBJ,1,18,18
Liam O'Brien,COL,C,30,1994-07-29,Halifax,NS,CAN,CAN,73,213,-,-,-,-,-
Lias Andersson,LAK,C,26,1998-10-13,Smogen,,SWE,SWE,73,185,2017,NYR,1,7,7
Libor Hajek,NYR,D,27,1998-02-04,Smrcek,,CZE,CZE,74,209,2016,T.B,2,7,37
Logan Brown,OTT,C,27,1998-03-05,Raleigh,NC,USA,USA,78,218,2016,OTT,1,11,11
Logan Couture,SJS,C,36,1989-03-28,Guelph,ON,CAN,CAN,73,206,2007,S.J,1,9,9
Logan O'Connor,COL,RW,28,1996-08-14,Missouri City,TX,USA,USA,72,175,-,-,-,-,-
Logan Stanley,WPG,D,26,1998-05-26,Waterloo,ON,CAN,CAN,79,242,2016,WPG,1,18,18
Loui Eriksson,VAN,LW,39,1985-07-17,Gothenburg,,SWE,SWE,74,179,2003,DAL,2,3,33
Louie Belpedio,MIN,D,28,1996-05-14,Skokie,IL,USA,USA,71,197,2014,MIN,3,20,80
Luca Sbisa,NSH,D,35,1990-01-30,Ozieri,,ITA,CHE,74,206,2008,PHI,1,19,19
Lucas Carlsson,CHI,D,27,1997-07-05,Gavle,,SWE,SWE,72,189,2016,CHI,4,19,110
Lucas Wallmark,"CHI, FLA",C,29,1995-09-05,Umea,,SWE,SWE,72,178,2014,CAR,4,7,97
Luke Glendening,DET,C,36,1989-04-28,Grand Rapids,MI,USA,USA,71,190,-,-,-,-,-
Luke Johnson,MIN,C,30,1994-09-19,Grand Forks,ND,USA,USA,71,174,2013,CHI,5,13,134
Luke Kunin,NSH,C,27,1997-12-04,Chesterfield,MO,USA,USA,72,197,2016,MIN,1,15,15
Luke Schenn,TBL,D,35,1989-11-02,Saskatoon,SK,CAN,CAN,74,225,2008,TOR,1,5,5
MacKenzie Entwistle,CHI,RW,25,1999-07-14,Georgetown,ON,CAN,CAN,75,184,2017,ARI,3,7,69
MacKenzie Weegar,FLA,D,31,1994-01-07,Ottawa,ON,CAN,CAN,72,206,2013,FLA,7,25,206
Mackenzie MacEachern,STL,LW,31,1994-03-09,Bloomfield Hills,MI,USA,USA,74,193,2012,STL,3,6,67
Madison Bowey,CHI,D,30,1995-04-22,Winnipeg,MB,CAN,CAN,73,207,2013,WSH,2,23,53
Maksim Sushko,PHI,RW,26,1999-02-10,Drogichin,,BLR,BLR,72,206,2017,PHI,4,14,107
Marc Michaelis,VAN,LW,29,1995-07-31,Mannheim,,DEU,DEU,71,187,-,-,-,-,-
Marc Staal,DET,D,38,1987-01-13,Thunder Bay,ON,CAN,CAN,76,208,2005,NYR,1,12,12
Marc-Edouard Vlasic,SJS,D,38,1987-03-30,Montreal,QC,CAN,CAN,73,205,2005,S.J,2,5,35
Marco Scandella,STL,D,35,1990-02-23,Montreal,QC,CAN,CAN,75,212,2008,MIN,2,25,55
Marcus Foligno,MIN,LW,33,1991-08-10,Buffalo,NY,USA,CAN,75,226,2009,BUF,4,13,104
Marcus Johansson,MIN,C,34,1990-10-06,Landskrona,,SWE,SWE,73,203,2009,WSH,1,24,24
Marcus Pettersson,PIT,D,28,1996-05-08,Skellefteå,,SWE,SWE,75,177,2014,ANA,2,8,38
Marcus Sorensen,SJS,LW,33,1992-04-07,Sodertalje,,SWE,SWE,71,175,2010,OTT,4,16,106
Marian Studenic,NJD,RW,26,1998-10-28,Skalica,,SVK,SVK,73,190,2017,N.J,5,19,143
Mario Ferraro,SJS,D,26,1998-09-17,Toronto,ON,CAN,CAN,72,209,2017,S.J,2,18,49
Mark Alt,LAK,D,33,1991-10-18,Kansas City,MO,USA,USA,76,201,2010,CAR,2,23,53
Mark Borowiecki,NSH,D,35,1989-07-12,Ottawa,ON,CAN,CAN,74,204,2008,OTT,5,18,139
Mark Friedman,"PHI, PIT",D,29,1995-12-25,Toronto,ON,CAN,CAN,71,185,2014,PHI,3,26,86
Mark Giordano,CGY,D,41,1983-10-03,Toronto,ON,CAN,CAN,72,205,-,-,-,-,-
Mark Jankowski,PIT,C,30,1994-09-13,Hamilton,ON,CAN,CAN,76,212,2012,CGY,1,21,21
Mark Pysyk,DAL,D,33,1992-01-11,Sherwood Park,AB,CAN,CAN,73,198,2010,BUF,1,23,23
Mark Scheifele,WPG,C,32,1993-03-15,Kitchener,ON,CAN,CAN,75,198,2011,WPG,1,7,7
Mark Stone,VGK,RW,32,1992-05-13,Winnipeg,MB,CAN,CAN,75,217,2010,OTT,6,28,178
Markus Nutivaara,FLA,D,30,1994-06-06,Oulu,,FIN,FIN,73,187,2015,CBJ,7,8,189
Martin Frk,LAK,RW,31,1993-10-05,Pelhrimov,,CZE,CZE,73,210,2012,DET,2,19,49
Martin Kaut,COL,RW,25,1999-10-02,Brno,,CZE,CZE,74,190,2018,COL,1,16,16
Martin Necas,CAR,C,26,1999-01-15,Nove Mesto na Morave,,CZE,CZE,74,189,2017,CAR,1,12,12
Mason Appleton,WPG,C,29,1996-01-15,Green Bay,WI,USA,USA,75,197,2015,WPG,6,17,168
Mason Marchment,FLA,LW,29,1995-06-18,Uxbridge,ON,CAN,,76,210,-,-,-,-,-
Mathew Barzal,NYI,C,27,1997-05-26,Coquitlam,BC,CAN,CAN,73,190,2015,NYI,1,16,16
Mathias Brome,DET,LW,30,1994-07-29,Orby,,SWE,SWE,72,183,-,-,-,-,-
Mathieu Joseph,TBL,RW,28,1997-02-09,Laval,QC,CAN,CAN,73,187,2015,T.B,4,29,120
Mathieu Olivier,NSH,RW,28,1997-02-11,Biloxi,MS,USA,USA,73,217,-,-,-,-,-
Mathieu Perreault,WPG,LW,37,1988-01-05,Drummondville,QC,CAN,CAN,70,189,2006,WSH,6,24,177
Mats Zuccarello,MIN,RW,37,1987-09-01,Oslo,,NOR,NOR,68,181,-,-,-,-,-
Matt Bartkowski,MIN,D,36,1988-06-04,Pittsburgh,PA,USA,USA,73,201,2008,FLA,7,9,190
Matt Calvert,COL,LW,35,1989-12-24,Brandon,MB,CAN,CAN,71,186,2008,CBJ,5,6,127
Matt Duchene,NSH,C,34,1991-01-16,Haliburton,ON,CAN,CAN,71,195,2009,COL,1,3,3
Matt Dumba,MIN,D,30,1994-07-25,Regina,SK,CAN,CAN,72,181,2012,MIN,1,7,7
Matt Grzelcyk,BOS,D,31,1994-01-05,Charlestown,MA,USA,USA,70,176,2012,BOS,3,24,85
Matt Irwin,BUF,D,37,1987-11-29,Victoria,BC,CAN,CAN,74,200,-,-,-,-,-
Matt Kiersted,FLA,D,27,1998-04-14,ELK RIVER,MN,USA,USA,72,181,-,-,-,-,-
Matt Luff,LAK,RW,27,1997-05-05,Oakville,ON,CAN,CAN,74,196,-,-,-,-,-
Matt Martin,NYI,LW,35,1989-05-08,Windsor,ON,CAN,CAN,75,220,2008,NYI,5,27,148
Matt Nieto,SJS,LW,32,1992-11-05,Long Beach,CA,USA,USA,71,187,2011,S.J,2,17,47
Matt Roy,LAK,D,30,1995-03-01,Detroit,MI,USA,USA,73,205,2015,L.A,7,13,194
Matt Tennyson,NJD,D,35,1990-04-23,Minneapolis,MN,USA,USA,74,205,-,-,-,-,-
Matthew Benning,NSH,D,30,1994-05-25,Edmonton,AB,CAN,CAN,73,203,2012,BOS,6,24,175
Matthew Highmore,"CHI, VAN",C,29,1996-02-27,Halifax,NS,CAN,CAN,71,188,-,-,-,-,-
Matthew Peca,OTT,C,32,1993-04-27,Petawawa,ON,CAN,CAN,70,181,2011,T.B,7,20,201
Matthew Phillips,CGY,C,27,1998-04-06,Calgary,AB,CAN,CAN,67,140,2016,CGY,6,15,166
Matthew Tkachuk,CGY,LW,27,1997-12-11,Scottsdale,AZ,USA,USA,74,201,2016,CGY,1,6,6
Mattias Ekholm,NSH,D,34,1990-05-24,Borlange,,SWE,SWE,76,215,2009,NSH,4,11,102
Mattias Janmark,"CHI, VGK",C,32,1992-12-08,Stockholm,,SWE,SWE,73,205,2013,DET,3,18,79
Mattias Samuelsson,BUF,D,25,2000-03-14,Philadelphia,PA,USA,USA,76,231,2018,BUF,2,1,32
Max Comtois,ANA,LW,26,1999-01-08,Longueuil,QC,CAN,CAN,74,210,2017,ANA,2,19,50
Max Domi,CBJ,C,30,1995-03-02,Winnipeg,MB,CAN,CAN,70,194,2013,PHX,1,12,12
Max Jones,ANA,LW,27,1998-02-17,Rochester,MI,USA,USA,75,216,2016,ANA,1,24,24
Max McCormick,CAR,LW,33,1992-05-01,De Pere,WI,USA,USA,71,188,2011,OTT,6,20,171
Max Pacioretty,VGK,LW,36,1988-11-20,New Canaan,CT,USA,USA,74,217,2007,MTL,1,22,22
Michael Amadio,"LAK, OTT",C,28,1996-05-13,Sault Ste. Marie,ON,CAN,CAN,73,204,2014,L.A,3,30,90
Michael Bunting,ARI,LW,29,1995-09-17,Scarborough,ON,CAN,CAN,72,192,2014,ARI,4,27,117
Michael Chaput,ARI,C,33,1992-04-09,Ile Bizard,QC,CAN,CAN,74,199,2010,PHI,3,29,89
Michael Dal Colle,NYI,LW,28,1996-06-20,Richmond Hill,ON,CAN,CAN,75,195,2014,NYI,1,5,5
Michael Del Zotto,CBJ,D,34,1990-06-24,Stouffville,ON,CAN,CAN,72,195,2008,NYR,1,20,20
Michael Frolik,MTL,RW,37,1988-02-17,Kladno,,CZE,CZE,73,186,2006,FLA,1,10,10
Michael McCarron,NSH,RW,30,1995-03-07,Grosse Pointe,MI,USA,USA,78,232,2013,MTL,1,25,25
Michael McLeod,NJD,C,27,1998-02-03,Mississauga,ON,CAN,CAN,74,190,2016,N.J,1,12,12
Michael Raffl,"PHI, WSH",LW,36,1988-12-01,Villach,,AUT,AUT,73,205,-,-,-,-,-
Michael Rasmussen,DET,C,26,1999-04-17,Vancouver,BC,CAN,CAN,78,211,2017,DET,1,9,9
Michael Sgarbossa,WSH,C,32,1992-07-25,Campbellville,ON,CAN,CAN,72,179,-,-,-,-,-
Michael Stone,CGY,D,34,1990-06-07,Winnipeg,MB,CAN,CAN,75,210,2008,PHX,3,8,69
Micheal Haley,OTT,LW,39,1986-03-30,Guelph,ON,CAN,CAN,71,213,-,-,-,-,-
Mika Zibanejad,NYR,C,32,1993-04-18,Huddinge,,SWE,SWE,74,202,2011,OTT,1,6,6
Mikael Backlund,CGY,C,36,1989-03-17,Vasteras,,SWE,SWE,72,206,2007,CGY,1,24,24
Mikael Granlund,NSH,C,33,1992-02-26,Oulu,,FIN,FIN,70,185,2010,MIN,1,9,9
Mike Hardman,CHI,LW,26,1999-02-05,HANOVER,MA,USA,USA,74,205,-,-,-,-,-
Mike Hoffman,STL,C,35,1989-11-24,Kitchener,ON,CAN,CAN,72,190,2009,OTT,5,9,130
Mike Matheson,PIT,D,31,1994-02-27,Pointe-Claire,QC,CAN,CAN,74,193,2012,FLA,1,23,23
Mike Reilly,"BOS, OTT",D,31,1993-07-13,Chicago,IL,USA,USA,73,196,2011,CBJ,4,7,98
Mikey Anderson,LAK,D,25,1999-05-25,Fridley,MN,USA,USA,72,195,2017,L.A,4,10,103
Mikhail Grigorenko,CBJ,C,30,1994-05-16,Khabarovsk,,RUS,RUS,75,206,2012,BUF,1,12,12
Mikhail Maltsev,NJD,LW,27,1998-03-12,St. Petersburg,,RUS,RUS,75,198,2016,N.J,4,11,102
Mikhail Sergachev,TBL,D,26,1998-06-25,Nizhnekamsk,,RUS,RUS,73,217,2016,MTL,1,9,9
Mikko Koivu,CBJ,C,42,1983-03-12,Turku,,FIN,FIN,75,213,2001,MIN,1,6,6
Mikko Lehtonen,"CBJ, TOR",D,31,1994-01-16,Turku,,FIN,FIN,72,196,-,-,-,-,-
Mikko Rantanen,COL,RW,28,1996-10-29,Nousiainen,,FIN,FIN,76,215,2015,COL,1,10,10
Milan Lucic,CGY,LW,36,1988-06-07,Vancouver,BC,CAN,CAN,75,240,2006,BOS,2,20,50
Miles Wood,NJD,LW,29,1995-09-13,Buffalo,NY,USA,USA,74,195,2013,N.J,4,9,100
Miro Heiskanen,DAL,D,25,1999-07-18,Espoo,,FIN,FIN,73,195,2017,DAL,1,3,3
Mitch Marner,TOR,RW,27,1997-05-05,Markham,ON,CAN,CAN,72,181,2015,TOR,1,4,4
Mitchell Stephens,TBL,C,28,1997-02-05,Peterborough,ON,CAN,CAN,71,190,2015,T.B,2,3,33
Morgan Barron,NYR,C,26,1998-12-02,Halifax,NS,CAN,CAN,76,220,2017,NYR,6,19,174
Morgan Frost,PHI,C,25,1999-05-14,Aurora,ON,CAN,CAN,71,170,2017,PHI,1,27,27
Morgan Geekie,CAR,C,26,1998-07-20,Strathclair,MB,CAN,CAN,75,200,2017,CAR,3,5,67
Morgan Rielly,TOR,D,31,1994-03-09,Vancouver,BC,CAN,CAN,73,222,2012,TOR,1,5,5
Nate Prosser,PHI,D,38,1986-05-07,Elk River,MN,USA,USA,74,201,-,-,-,-,-
Nate Schmidt,VAN,D,33,1991-07-16,St. Cloud,MN,USA,USA,72,195,-,-,-,-,-
Nate Thompson,WPG,C,40,1984-10-05,Anchorage,AK,USA,USA,73,205,2003,BOS,6,16,183
Nathan Bastian,NJD,RW,27,1997-12-06,Kitchener,ON,CAN,CAN,76,205,2016,N.J,2,11,41
Nathan Beaulieu,WPG,D,32,1992-12-05,Strathroy,ON,CAN,CAN,74,200,2011,MTL,1,17,17
Nathan Gerbe,CBJ,C,37,1987-07-24,Oxford,MI,USA,USA,64,176,2005,BUF,5,17,142
Nathan MacKinnon,COL,C,29,1995-09-01,Halifax,NS,CAN,CAN,72,200,2013,COL,1,1,1
Nathan Walker,STL,LW,31,1994-02-07,Cardiff,,GBR,AUS,69,187,2014,WSH,3,29,89
Nazem Kadri,COL,C,34,1990-10-06,London,ON,CAN,CAN,72,185,2009,TOR,1,7,7
Neal Pionk,WPG,D,29,1995-07-29,Hermantown,MN,USA,USA,72,185,-,-,-,-,-
Nic Dowd,WSH,C,34,1990-05-27,Huntsville,AL,USA,USA,73,193,2009,L.A,7,17,198
Nic Petan,TOR,C,30,1995-03-22,Delta,BC,CAN,CAN,69,175,2013,WPG,2,13,43
Nicholas Merkley,NJD,RW,27,1997-05-23,Calgary,AB,CAN,CAN,70,195,2015,ARI,1,30,30
Nicholas Robertson,TOR,LW,23,2001-09-11,Pasadena,CA,USA,USA,69,183,2019,TOR,2,22,53
Nick Bjugstad,MIN,C,32,1992-07-17,Minneapolis,MN,USA,USA,78,209,2010,FLA,1,19,19
Nick Bonino,MIN,C,37,1988-04-20,Hartford,CT,USA,USA,73,195,2007,S.J,6,22,173
Nick Caamano,DAL,RW,26,1998-09-07,Hamilton,ON,CAN,CAN,75,205,2016,DAL,5,25,146
Nick Cousins,NSH,C,31,1993-07-20,Belleville,ON,CAN,CAN,71,192,2011,PHI,3,7,68
Nick Foligno,"CBJ, TOR",LW,37,1987-10-31,Buffalo,NY,USA,USA,72,210,2006,OTT,1,28,28
Nick Holden,VGK,D,37,1987-05-15,St. Albert,AB,CAN,CAN,76,210,-,-,-,-,-
Nick Jensen,WSH,D,34,1990-09-21,St. Paul,MN,USA,USA,73,205,2009,DET,5,29,150
Nick Leddy,NYI,D,34,1991-03-20,Eden Prairie,MN,USA,USA,72,205,2009,MIN,1,16,16
Nick Paul,OTT,LW,30,1995-03-20,Mississauga,ON,CAN,CAN,75,223,2013,DAL,4,10,101
Nick Ritchie,BOS,LW,29,1995-12-05,Orangeville,ON,CAN,CAN,75,236,2014,ANA,1,10,10
Nick Schmaltz,ARI,C,29,1996-02-23,Madison,WI,USA,USA,72,181,2014,CHI,1,20,20
Nick Suzuki,MTL,C,25,1999-08-10,London,ON,CAN,CAN,71,208,2017,VGK,1,13,13
Nicklas Backstrom,WSH,C,37,1987-11-23,Gavle,,SWE,SWE,73,202,2006,WSH,1,4,4
Nico Hischier,NJD,C,26,1999-01-04,Brig,,CHE,CHE,73,175,2017,N.J,1,1,1
Nico Sturm,MIN,C,30,1995-05-03,Augsburg,,DEU,DEU,75,209,-,-,-,-,-
Nicolas Aube-Kubel,PHI,RW,28,1996-05-10,Slave Lake,AB,CAN,CAN,72,207,2014,PHI,2,18,48
Nicolas Beaudin,CHI,D,25,1999-10-09,Chateauguay,QC,CAN,CAN,71,168,2018,CHI,1,27,27
Nicolas Deslauriers,ANA,LW,34,1991-02-22,LaSalle,QC,CAN,CAN,73,220,2009,L.A,3,23,84
Nicolas Hague,VGK,D,26,1998-12-05,Kitchener,ON,CAN,CAN,78,230,2017,VGK,2,3,34
Nicolas Meloche,SJS,D,27,1997-07-18,LaSalle,QC,CAN,CAN,75,203,2015,COL,2,10,40
Nicolas Roy,VGK,C,28,1997-02-05,Amos,QC,CAN,CAN,76,202,2015,CAR,4,5,96
Nikita Gusev,"FLA, NJD",LW,32,1992-07-08,Moscow,,RUS,RUS,69,163,2012,T.B,7,21,202
Nikita Nesterov,CGY,D,32,1993-03-28,Chelyabinsk,,RUS,RUS,71,191,2011,T.B,5,27,148
Nikita Zadorov,CHI,D,30,1995-04-16,Moscow,,RUS,RUS,78,248,2013,BUF,1,16,16
Nikita Zaitsev,OTT,D,33,1991-10-29,Moscow,,RUS,RUS,74,192,-,-,-,-,-
Niklas Hjalmarsson,ARI,D,37,1987-06-06,Eksjo,,SWE,SWE,75,197,2005,CHI,4,17,108
Niko Mikkola,STL,D,29,1996-04-27,Finland,,FIN,FIN,76,209,2015,STL,5,6,127
Nikolai Knyzhov,SJS,D,28,1997-03-20,KEMEROVO,,RUS,RUS,75,222,-,-,-,-,-
Nikolaj Ehlers,WPG,LW,29,1996-02-14,Aalborg,,DNK,DNK,72,169,2014,WPG,1,9,9
Nils Hoglander,VAN,LW,24,2000-12-20,BOCKTRaSK,,SWE,SWE,69,185,2019,VAN,2,9,40
Nino Niederreiter,CAR,RW,32,1992-09-08,Chur,,CHE,CHE,74,218,2010,NYI,1,5,5
Noah Dobson,NYI,D,25,2000-01-07,Summerside,PE,CAN,CAN,76,194,2018,NYI,1,12,12
Noah Gregor,SJS,C,26,1998-07-28,Beaumont,AB,CAN,CAN,72,190,2016,S.J,4,20,111
Noah Hanifin,CGY,D,28,1997-01-25,Boston,MA,USA,USA,75,207,2015,CAR,1,5,5
Noah Juulsen,FLA,D,28,1997-04-02,Surrey,BC,CAN,CAN,74,201,2015,MTL,1,26,26
Noel Acciari,FLA,C,33,1991-12-01,Johnston,RI,USA,USA,70,209,-,-,-,-,-
Nolan Foote,NJD,LW,24,2000-11-29,Denver,CO,USA,USA,75,196,2019,T.B,1,27,27
Nolan Patrick,PHI,C,26,1998-09-19,Winnipeg,MB,CAN,CAN,74,201,2017,PHI,1,2,2
Oliver Bjorkstrand,CBJ,RW,30,1995-04-10,Herning,,DNK,DNK,72,175,2013,CBJ,3,28,89
Oliver Ekman-Larsson,ARI,D,33,1991-07-17,Karlskrona,,SWE,SWE,74,200,2009,PHX,1,6,6
Oliver Kylington,CGY,D,27,1997-05-19,Stockholm,,SWE,SWE,72,183,2015,CGY,2,30,60
Oliver Wahlstrom,NYI,RW,24,2000-06-13,Portland,ME,USA,USA,74,204,2018,NYI,1,11,11
Olle Alsing,OTT,D,29,1996-05-01,Uppsala,,SWE,SWE,71,170,-,-,-,-,-
Olli Juolevi,VAN,D,26,1998-05-05,Helsinki,,FIN,FIN,74,182,2016,VAN,1,5,5
Olli Maatta,LAK,D,30,1994-08-22,Jyvaskyla,,FIN,FIN,74,207,2012,PIT,1,22,22
Ondrej Kase,BOS,RW,29,1995-11-08,Kadan,,CZE,CZE,72,187,2014,ANA,7,25,205
Ondrej Palat,TBL,LW,34,1991-03-28,Frydek-Mistek,,CZE,CZE,72,194,2011,T.B,7,27,208
Oskar Lindblom,PHI,LW,28,1996-08-15,Gavle,,SWE,SWE,73,191,2014,PHI,5,18,138
Oskar Steen,BOS,C,27,1998-03-09,Karlstad,,SWE,SWE,70,193,2016,BOS,6,14,165
Oskar Sundqvist,STL,C,31,1994-03-23,Boden,,SWE,SWE,75,220,2012,PIT,3,20,81
Otto Leskinen,MTL,D,28,1997-02-06,Pieksamaki,,FIN,,71,187,-,-,-,-,-
Owen Tippett,FLA,RW,26,1999-02-16,Peterborough,ON,CAN,CAN,73,207,2017,FLA,1,10,10
P.K. Subban,NJD,D,35,1989-05-13,Toronto,ON,CAN,CAN,72,210,2007,MTL,2,13,43
Par Lindholm,BOS,C,33,1991-10-05,Kusmark,,SWE,SWE,72,183,-,-,-,-,-
Parker Kelly,OTT,C,25,1999-05-14,Camrose,AB,CAN,CAN,72,190,-,-,-,-,-
Pat Maroon,TBL,LW,37,1988-04-23,St. Louis,MO,USA,USA,75,234,2007,PHI,6,10,161
Patric Hornqvist,FLA,RW,38,1987-01-01,Sollentuna,,SWE,SWE,71,189,2005,NSH,7,36,230
Patrice Bergeron,BOS,C,39,1985-07-24,Ancienne-Lorette,QC,CAN,CAN,73,196,2003,BOS,2,15,45
Patrick Brown,VGK,C,32,1992-05-29,Bloomfield Hills,MI,USA,USA,73,210,-,-,-,-,-
Patrick Kane,CHI,RW,36,1988-11-19,Buffalo,NY,USA,USA,70,177,2007,CHI,1,1,1
Patrick Marleau,SJS,C,45,1979-09-15,Aneroid,SK,CAN,CAN,74,215,1997,S.J,1,2,2
Patrick Russell,EDM,RW,32,1993-01-04,Bickenrod,,DNK,DNK,73,203,-,-,-,-,-
Patrik Laine,"CBJ, WPG","LW, RW",27,1998-04-19,Tampere,,FIN,FIN,77,205,2016,WPG,1,2,2
Patrik Nemeth,"COL, DET",D,33,1992-02-08,Stockholm,,SWE,SWE,76,230,2010,DAL,2,11,41
Paul Byron,MTL,LW,36,1989-04-27,Ottawa,ON,CAN,CAN,69,164,2007,BUF,6,28,179
Paul Stastny,WPG,C,39,1985-12-27,Quebec City,QC,CAN,USA,72,193,2005,COL,2,14,44
Pavel Buchnevich,NYR,RW,30,1995-04-17,Cherepovets,,RUS,RUS,73,196,2013,NYR,3,14,75
Pavel Zacha,NJD,C,28,1997-04-06,Brno,,CZE,CZE,76,199,2015,N.J,1,6,6
Peyton Krebs,VGK,C,24,2001-01-26,Calgary,AB,CAN,CAN,72,187,2019,VGK,1,17,17
Phil Kessel,ARI,RW,37,1987-10-02,Madison,WI,USA,USA,71,208,2006,BOS,1,5,5
Philipp Kurashev,CHI,C,25,1999-10-12,Munsingen,,CHE,CHE,72,190,2018,CHI,4,27,120
Philippe Maillet,WSH,C,32,1992-11-07,Lachenai,QC,CAN,CAN,70,190,-,-,-,-,-
Philippe Myers,PHI,D,28,1997-01-25,Moncton,NB,CAN,CAN,78,219,-,-,-,-,-
Phillip Danault,MTL,C,32,1993-02-24,Victoriaville,QC,CAN,CAN,73,200,2011,CHI,1,26,26
Phillip Di Giuseppe,NYR,LW,31,1993-10-09,Toronto,ON,CAN,CAN,72,193,2012,CAR,2,8,38
Pierre Engvall,TOR,LW,28,1996-05-31,Ljungby,,SWE,SWE,77,219,2014,TOR,7,8,188
Pierre-Edouard Bellemare,COL,C,40,1985-03-06,Le Blanc-Mesnil,,FRA,FRA,71,198,-,-,-,-,-
Pierre-Luc Dubois,"CBJ, WPG","C, LW",26,1998-06-24,Ste-Agathe-Des-Monts,QC,CAN,CAN,76,214,2016,CBJ,1,3,3
Pierre-Olivier Joseph,PIT,D,25,1999-07-01,Laval,QC,CAN,CAN,74,185,2017,ARI,1,23,23
Pius Suter,CHI,C,28,1996-05-24,Zurich,,CHE,CHE,71,179,-,-,-,-,-
Quinn Hughes,VAN,D,25,1999-10-14,Orlando,FL,USA,USA,70,180,2018,VAN,1,7,7
Quinton Byfield,LAK,C,22,2002-08-19,Newmarket,ON,CAN,CAN,77,220,2020,L.A,1,2,2
Radek Faksa,DAL,C,31,1994-01-09,Vitkov,,CZE,CZE,75,225,2012,DAL,1,13,13
Radim Simek,SJS,D,32,1992-09-20,Mlada Boleslav,,CZE,CZE,72,204,-,-,-,-,-
Radim Zohorna,PIT,LW,29,1996-04-29,Havlickuv,,CZE,CZE,78,220,-,-,-,-,-
Radko Gudas,FLA,D,34,1990-06-05,Prague,,CZE,CZE,72,208,2010,T.B,3,6,66
Rasmus Andersson,CGY,D,28,1996-10-27,Malmo,,SWE,SWE,73,202,2015,CGY,2,23,53
Rasmus Asplund,BUF,C,27,1997-12-03,Filipstad,,SWE,SWE,71,185,2016,BUF,2,3,33
Rasmus Dahlin,BUF,D,25,2000-04-13,Trollhattan,,SWE,SWE,75,202,2018,BUF,1,1,1
Rasmus Kupari,LAK,C,25,2000-03-15,Kotka,,FIN,FIN,74,200,2018,L.A,1,20,20
Rasmus Ristolainen,BUF,D,30,1994-10-27,Turku,,FIN,FIN,76,221,2013,BUF,1,8,8
Rasmus Sandin,TOR,D,25,2000-03-07,Uppsala,,SWE,SWE,71,182,2018,TOR,1,29,29
Reese Johnson,CHI,C,26,1998-07-10,Regina,SK,CAN,CAN,73,193,-,-,-,-,-
Reilly Smith,VGK,RW,34,1991-04-01,Toronto,ON,CAN,CAN,73,185,2009,DAL,3,8,69
Rem Pitlick,NSH,C,28,1997-04-02,Ottawa,ON,CAN,CAN,71,186,2016,NSH,3,15,76
Rhett Gardner,DAL,C,29,1996-02-28,Moose Jaw,SK,CAN,CAN,75,210,2016,DAL,4,25,116
Richard Panik,"DET, WSH",RW,34,1991-02-07,Martin,,SVK,SVK,73,203,2009,T.B,2,22,52
Rickard Rakell,ANA,LW,31,1993-05-05,Sundbyberg,,SWE,SWE,73,195,2011,ANA,1,30,30
Riley Nash,CBJ,C,35,1989-05-09,Consort,AB,CAN,CAN,74,188,2007,EDM,1,21,21
Riley Sheahan,BUF,C,33,1991-12-07,St. Catharines,ON,CAN,CAN,74,214,2010,DET,1,21,21
Riley Stillman,"CHI, FLA",D,27,1998-03-09,Peterborough,ON,CAN,CAN,73,196,2016,FLA,4,23,114
Robby Fabbri,DET,C,29,1996-01-22,Mississauga,ON,CAN,CAN,71,185,2014,STL,1,21,21
Robert Bortuzzo,STL,D,36,1989-03-18,Thunder Bay,ON,CAN,CAN,76,216,2007,PIT,3,17,78
Robert Hagg,PHI,D,30,1995-02-08,Uppsala,,SWE,SWE,74,210,2013,PHI,2,11,41
Robert Thomas,STL,C,25,1999-07-02,Aurora,ON,CAN,CAN,72,218,2017,STL,1,20,20
Rocco Grimaldi,NSH,RW,32,1993-02-08,Anaheim,CA,USA,USA,66,180,2011,FLA,2,3,33
Roman Josi,NSH,D,34,1990-06-01,Bern,,CHE,CHE,73,201,2008,NSH,2,8,38
Roope Hintz,DAL,LW,28,1996-11-17,Tampere,,FIN,FIN,75,215,2015,DAL,2,19,49
Ross Colton,TBL,C,28,1996-09-11,Robbinsville,NJ,USA,USA,72,194,2016,T.B,4,27,118
Ross Johnston,NYI,LW,31,1994-02-18,Charlottetown,PE,CAN,CAN,77,230,-,-,-,-,-
Rudolfs Balcers,SJS,LW,28,1997-04-08,Latvia,,LVA,LVA,71,182,2015,S.J,5,21,142
Ryan Carpenter,CHI,C,34,1991-01-18,Oviedo,FL,USA,USA,73,198,-,-,-,-,-
Ryan Donato,SJS,C,29,1996-04-09,Boston,MA,USA,USA,72,190,2014,BOS,2,26,56
Ryan Dzingel,"CAR, OTT","C, LW",33,1992-03-09,Wheaton,IL,USA,USA,72,190,2011,OTT,7,23,204
Ryan Ellis,NSH,D,34,1991-01-03,Hamilton,ON,CAN,CAN,70,180,2009,NSH,1,11,11
Ryan Getzlaf,ANA,C,39,1985-05-10,Regina,SK,CAN,CAN,76,220,2003,ANA,1,19,19
Ryan Graves,COL,D,29,1995-05-21,Yarmouth,NS,CAN,CAN,77,220,2013,NYR,4,19,110
Ryan Hartman,MIN,RW,30,1994-09-20,Hilton Head Isl.,SC,USA,USA,72,197,2013,CHI,1,30,30
Ryan Johansen,NSH,C,32,1992-07-31,Vancouver,BC,CAN,CAN,75,218,2010,CBJ,1,4,4
Ryan Lindgren,NYR,D,27,1998-02-11,Burnsville,MN,USA,USA,72,190,2016,BOS,2,19,49
Ryan Lomberg,FLA,LW,30,1994-09-12,Richmond Hill,ON,CAN,CAN,69,187,-,-,-,-,-
Ryan MacInnis,CBJ,C,29,1996-02-14,St. Louis,MO,USA,USA,75,201,2014,ARI,2,13,43
Ryan McDonagh,TBL,D,35,1989-06-13,St. Paul,MN,USA,USA,73,215,2007,MTL,1,12,12
Ryan McLeod,EDM,C,25,1999-09-21,Mississauga,ON,CAN,CAN,74,207,2018,EDM,2,9,40
Ryan Murray,NJD,D,31,1993-09-27,Regina,SK,CAN,CAN,73,206,2012,CBJ,1,2,2
Ryan Nugent-Hopkins,EDM,C,32,1993-04-12,Burnaby,BC,CAN,CAN,72,195,2011,EDM,1,1,1
Ryan O'Reilly,STL,C,34,1991-02-07,Clinton,ON,CAN,CAN,73,207,2009,COL,2,3,33
Ryan Pulock,NYI,D,30,1994-10-06,Dauphin,MB,CAN,CAN,74,216,2013,NYI,1,15,15
Ryan Reaves,VGK,RW,38,1987-01-20,Winnipeg,MB,CAN,CAN,74,225,2005,STL,5,31,156
Ryan Strome,NYR,C,31,1993-07-11,Mississauga,ON,CAN,CAN,73,191,2011,NYI,1,5,5
Ryan Suter,MIN,D,40,1985-01-21,Madison,WI,USA,USA,73,205,2003,NSH,1,7,7
Sam Bennett,"CGY, FLA",C,28,1996-06-20,Holland Landing,ON,CAN,CAN,73,195,2014,CGY,1,4,4
Sam Carrick,ANA,C,33,1992-02-04,Markham,ON,CAN,CAN,72,200,2010,TOR,5,24,144
Sam Gagner,DET,C,35,1989-08-10,London,ON,CAN,CAN,71,201,2007,EDM,1,6,6
Sam Lafferty,PIT,"C, RW",30,1995-03-06,Hollidaysburg,PA,USA,USA,73,195,2014,PIT,4,23,113
Sam Reinhart,BUF,RW,29,1995-11-06,West Vancouver,BC,CAN,CAN,74,193,2014,BUF,1,2,2
Sam Steel,ANA,C,27,1998-02-03,Ardrossan,AB,CAN,CAN,71,184,2016,ANA,1,30,30
Sami Niku,WPG,D,28,1996-10-10,Haapavesi,,FIN,FIN,73,176,2015,WPG,7,17,198
Sami Vatanen,"DAL, NJD",D,33,1991-06-03,Jyvaskyla,,FIN,FIN,70,185,2009,ANA,4,15,106
Sammy Blais,STL,LW,28,1996-06-17,Montmagny,QC,CAN,CAN,74,206,2014,STL,6,26,176
Samuel Girard,COL,D,26,1998-05-12,Roberval,QC,CAN,CAN,70,170,2016,NSH,2,17,47
Samuel Morin,PHI,LW,29,1995-07-12,Lac-Beauport,QC,CAN,CAN,78,202,2013,PHI,1,11,11
Scott Harrington,CBJ,D,32,1993-03-10,Kingston,ON,CAN,CAN,74,204,2011,PIT,2,24,54
Scott Laughton,PHI,C,30,1994-05-30,Oakville,ON,CAN,CAN,73,190,2012,PHI,1,20,20
Scott Mayfield,NYI,D,32,1992-10-14,St. Louis,MO,USA,USA,77,220,2011,NYI,2,4,34
Scott Sabourin,TOR,RW,32,1992-07-30,Orleans,ON,CAN,CAN,75,208,-,-,-,-,-
Sean Couturier,PHI,C,32,1992-12-07,Phoenix,AZ,USA,CAN,75,211,2011,PHI,1,8,8
Sean Kuraly,BOS,C,32,1993-01-20,Dublin,OH,USA,USA,74,213,2011,S.J,5,12,133
Sean Malone,NSH,C,30,1995-04-30,Buffalo,NY,USA,USA,72,197,2013,BUF,6,8,159
Sean Monahan,CGY,C,30,1994-10-12,Brampton,ON,CAN,CAN,74,196,2013,CGY,1,6,6
Sean Walker,LAK,D,30,1994-11-13,Keswick,ON,CAN,CAN,71,195,-,-,-,-,-
Sebastian Aho,CAR,C,27,1997-07-26,Rauma,,FIN,FIN,72,176,2015,CAR,2,5,35
Sebastian Aho,NYI,D,29,1996-02-17,Umea,,SWE,SWE,70,186,2017,NYI,5,15,139
Seth Jones,CBJ,D,30,1994-10-03,Arlington,TX,USA,USA,76,213,2013,NSH,1,4,4
Shane Pinto,OTT,C,24,2000-11-12,Franklin Square,NY,USA,USA,75,201,2019,OTT,2,1,32
Shayne Gostisbehere,PHI,D,32,1993-04-20,Pembroke Pines,FL,USA,USA,71,180,2012,PHI,3,17,78
Shea Theodore,VGK,D,29,1995-08-03,Langley,BC,CAN,CAN,74,197,2013,ANA,1,26,26
Shea Weber,MTL,D,39,1985-08-14,Sicamous,BC,CAN,CAN,76,230,2003,NSH,2,19,49
Sheldon Dries,COL,C,31,1994-04-23,Macomb Township,WI,USA,USA,69,180,-,-,-,-,-
Sheldon Rempal,CAR,RW,29,1995-08-07,Calgary,AB,CAN,CAN,70,165,-,-,-,-,-
Sidney Crosby,PIT,C,37,1987-08-07,Cole Harbour,NS,CAN,CAN,71,200,2005,PIT,1,1,1
Simon Benoit,ANA,D,26,1998-09-19,Laval,QC,CAN,CAN,75,203,-,-,-,-,-
Slater Koekkoek,EDM,D,31,1994-02-18,Winchester,ON,CAN,CAN,74,193,2012,T.B,1,10,10
Sonny Milano,ANA,LW,28,1996-05-12,Massapequa,NY,USA,USA,72,194,2014,CBJ,1,16,16
Stefan Matteau,CBJ,C,31,1994-02-23,Chicago,IL,USA,USA,74,208,2012,N.J,1,29,29
Stefan Noesen,"SJS, TOR",RW,32,1993-02-12,Plano,TX,USA,USA,73,205,2011,OTT,1,21,21
Steven Fogarty,BUF,C,32,1993-04-19,Chambersburg,PA,USA,USA,75,204,2011,NYR,3,11,72
Steven Kampfer,BOS,D,36,1988-09-24,Ann Arbor,MI,USA,USA,71,198,2007,ANA,4,2,93
Steven Lorentz,CAR,C,29,1996-04-13,Kitchener,ON,CAN,CAN,76,206,2015,CAR,7,5,186
Steven Santini,STL,D,30,1995-03-07,Bronxville,NY,USA,USA,74,209,2013,N.J,2,12,42
Steven Stamkos,TBL,C,35,1990-02-07,Markham,ON,CAN,CAN,72,182,2008,T.B,1,1,1
T.J. Oshie,WSH,RW,38,1986-12-23,Everett,WA,USA,USA,72,187,2005,STL,1,24,24
TJ Brodie,TOR,D,34,1990-06-07,Chatham,ON,CAN,CAN,74,187,2008,CGY,4,23,114
Tage Thompson,BUF,RW,27,1997-10-30,Phoenix,AZ,USA,USA,78,220,2016,STL,1,26,26
Tanner Jeannot,NSH,LW,27,1997-05-29,Estevan,SK,CAN,CAN,74,208,-,-,-,-,-
Tanner Kero,DAL,C,32,1992-07-24,Hancock,MI,USA,USA,72,185,-,-,-,-,-
Tanner Laczynski,PHI,C,27,1997-06-01,Minooka,IL,USA,USA,73,190,2016,PHI,6,18,169
Tanner Pearson,VAN,LW,32,1992-08-10,Kitchener,ON,CAN,CAN,73,201,2012,L.A,1,30,30
Tarmo Reunanen,NYR,D,27,1998-03-01,Aanekoski,,FIN,FIN,72,185,2016,NYR,4,7,98
Taro Hirose,DET,LW,28,1996-06-30,Calgary,AB,CAN,CAN,70,162,-,-,-,-,-
Taylor Hall,"BOS, BUF",LW,33,1991-11-14,Calgary,AB,CAN,CAN,73,210,2010,EDM,1,1,1
Teddy Blueger,PIT,C,30,1994-08-15,Riga,,LVA,LVA,72,185,2012,PIT,2,22,52
Teuvo Teravainen,CAR,LW,30,1994-09-11,Helsinki,,FIN,FIN,71,191,2012,CHI,1,18,18
Thomas Chabot,OTT,D,28,1997-01-30,Sainte-Marie,QC,CAN,CAN,74,195,2015,OTT,1,18,18
Thomas Hickey,NYI,D,36,1989-02-08,Calgary,AB,CAN,CAN,72,185,2007,L.A,1,4,4
Tim Gettinger,NYR,LW,27,1998-04-14,Cleveland,OH,USA,USA,78,222,2016,NYR,5,20,141
Tim Stutzle,OTT,LW,23,2002-01-15,Viersen,,DEU,DEU,72,193,2020,OTT,1,3,3
Timo Meier,SJS,RW,28,1996-10-08,Herisau,,CHE,CHE,73,220,2015,S.J,1,9,9
Timothy Liljegren,TOR,D,26,1999-04-30,Kristianstad,,SWE,SWE,73,192,2017,TOR,1,17,17
Tobias Bjornfot,LAK,D,24,2001-04-06,Upplands Vasby,,SWE,SWE,72,200,2019,L.A,1,22,22
Tobias Rieder,BUF,LW,32,1993-01-10,Landshut,,DEU,DEU,71,189,2011,EDM,4,23,114
Tom Wilson,WSH,RW,31,1994-03-29,Toronto,ON,CAN,CAN,76,220,2012,WSH,1,16,16
Tomas Hertl,SJS,C,31,1993-11-12,Praha,,CZE,CZE,75,215,2012,S.J,1,17,17
Tomas Jurco,VGK,RW,32,1992-12-28,Kosice,,SVK,SVK,74,197,2011,DET,2,5,35
Tomas Nosek,VGK,LW,32,1992-09-01,Pardubice,,CZE,CZE,75,205,-,-,-,-,-
Tomas Tatar,MTL,LW,34,1990-12-01,Ilava,,SVK,SVK,70,173,2009,DET,2,30,60
Tony DeAngelo,NYR,D,29,1995-10-24,Sewell,NJ,USA,USA,71,180,2014,T.B,1,19,19
Torey Krug,STL,D,34,1991-04-12,Livonia,MI,USA,USA,69,194,-,-,-,-,-
Travis Boyd,"TOR, VAN",C,31,1993-09-14,Hopkins,MN,USA,USA,72,190,2011,WSH,6,26,177
Travis Dermott,TOR,D,28,1996-12-22,Newmarket,ON,CAN,CAN,72,202,2015,TOR,2,4,34
Travis Hamonic,VAN,D,34,1990-08-16,St. Malo,MB,CAN,CAN,73,200,2008,NYI,2,23,53
Travis Konecny,PHI,RW,28,1997-03-11,London,ON,CAN,CAN,70,175,2015,PHI,1,24,24
Travis Sanheim,PHI,D,29,1996-03-29,Elkhorn,MB,CAN,CAN,75,181,2014,PHI,1,17,17
Travis Zajac,"NJD, NYI",C,39,1985-05-13,Winnipeg,MB,CAN,CAN,74,185,2004,N.J,1,20,20
Trent Frederic,BOS,C,27,1998-02-11,St. Louis,MO,USA,USA,75,214,2016,BOS,1,29,29
Trevor Lewis,WPG,C,38,1987-01-08,Salt Lake City,UT,USA,USA,73,201,2006,L.A,1,17,17
Trevor Moore,LAK,C,30,1995-03-31,Thousand Oaks,CA,USA,USA,70,195,-,-,-,-,-
Trevor Zegras,ANA,C,24,2001-03-20,Bedford,NY,USA,USA,72,185,2019,ANA,1,9,9
Trevor van Riemsdyk,WSH,D,33,1991-07-24,Middletown,NJ,USA,USA,75,191,-,-,-,-,-
Troy Stecher,DET,D,31,1994-04-07,Richmond,BC,CAN,CAN,70,184,-,-,-,-,-
Troy Terry,ANA,RW,27,1997-09-10,Denver,CO,USA,USA,72,185,2015,ANA,5,27,148
Tucker Poolman,WPG,D,31,1993-06-08,Dubuque,IA,USA,USA,74,199,2013,WPG,5,6,127
Ty Dellandrea,DAL,C,24,2000-07-21,Toronto,ON,CAN,CAN,73,195,2018,DAL,1,13,13
Ty Smith,NJD,D,25,2000-03-24,Lloydminster,AB,CAN,CAN,71,180,2018,N.J,1,17,17
Tyce Thompson,NJD,RW,25,1999-07-12,Calgary,AB,CAN,CAN,73,175,2019,N.J,4,3,96
Tyler Bertuzzi,DET,LW,30,1995-02-24,Sudbury,ON,CAN,CAN,73,186,2013,DET,2,28,58
Tyler Bozak,STL,C,39,1986-03-19,Regina,SK,CAN,CAN,73,187,-,-,-,-,-
Tyler Ennis,EDM,C,35,1989-10-06,Edmonton,AB,CAN,CAN,69,160,2008,BUF,1,26,26
Tyler Graovac,VAN,C,32,1993-04-27,Brampton,ON,CAN,CAN,77,208,2011,MIN,7,10,191
Tyler Johnson,TBL,C,34,1990-07-29,Spokane,WA,USA,USA,68,185,-,-,-,-,-
Tyler Lewington,NSH,D,30,1994-12-05,Edmonton,AB,CAN,CAN,74,195,2013,WSH,7,23,204
Tyler Motte,VAN,C,30,1995-03-10,St. Clair,MI,USA,USA,70,192,2013,CHI,4,30,121
Tyler Myers,VAN,D,35,1990-02-01,Houston,TX,USA,CAN,80,229,2008,BUF,1,12,12
Tyler Pitlick,ARI,C,33,1991-11-01,Minneapolis,MN,USA,USA,74,200,2010,EDM,2,1,31
Tyler Seguin,DAL,C,33,1992-01-31,Brampton,ON,CAN,CAN,73,205,2010,BOS,1,2,2
Tyler Toffoli,MTL,"C, RW",33,1992-04-24,Scarborough,ON,CAN,CAN,72,203,2010,L.A,2,17,47
Tyson Barrie,EDM,D,33,1991-07-26,Victoria,BC,CAN,CAN,71,197,2009,COL,3,3,64
Tyson Jost,COL,C,27,1998-03-14,St. Albert,AB,CAN,CAN,71,187,2016,COL,1,10,10
Urho Vaakanainen,BOS,D,26,1999-01-01,Joensuu,,FIN,FIN,74,200,2017,BOS,1,18,18
Valeri Nichushkin,COL,RW,30,1995-03-04,Chelyabinsk,,RUS,RUS,76,210,2013,DAL,1,10,10
Valtteri Filppula,DET,C,41,1984-03-20,Vantaa,,FIN,FIN,72,189,2002,DET,3,32,95
Victor Hedman,TBL,D,34,1990-12-18,Ornskoldsvik,,SWE,SWE,79,244,2009,T.B,1,2,2
Victor Mete,"MTL, OTT",D,26,1998-06-07,Woodbridge,ON,CAN,CAN,69,187,2016,MTL,4,9,100
Victor Olofsson,BUF,LW,29,1995-07-18,Ornskoldsvik,,SWE,SWE,71,181,2014,BUF,7,1,181
Victor Rask,MIN,C,32,1993-03-01,Leksand,,SWE,SWE,74,199,2011,CAR,2,12,42
Victor Soderstrom,ARI,D,24,2001-02-26,Gavle,,SWE,SWE,71,184,2019,ARI,1,11,11
Viktor Arvidsson,NSH,RW,32,1993-04-08,Skellefteå,,SWE,SWE,70,185,2014,NSH,4,22,112
Ville Heinola,WPG,D,24,2001-02-03,Honkajoki,,FIN,FIN,71,181,2019,WPG,1,20,20
Vince Dunn,STL,D,28,1996-10-29,Mississauga,ON,CAN,CAN,72,200,2015,STL,2,26,56
Vincent Trocheck,CAR,C,31,1993-07-11,Pittsburgh,PA,USA,USA,71,184,2011,FLA,3,3,64
Vinni Lettieri,ANA,C,30,1995-02-06,Excelsior,MN,USA,USA,70,184,-,-,-,-,-
Vinnie Hinostroza,"CHI, FLA","C, LW",31,1994-04-03,Chicago,IL,USA,USA,70,183,2012,CHI,6,18,169
Vitali Kravtsov,NYR,RW,25,1999-12-23,Vladivostok,,RUS,RUS,75,186,2018,NYR,1,9,9
Vitaly Abramov,OTT,LW,26,1998-05-08,Chelyabinsk,,RUS,RUS,69,180,2016,CBJ,3,4,65
Vladimir Tarasenko,STL,RW,33,1991-12-13,Yaroslavl,,RUS,RUS,73,228,2010,STL,1,16,16
Vladislav Gavrikov,CBJ,D,29,1995-11-21,Yaroslavl,,RUS,RUS,75,221,2015,CBJ,6,8,159
Vladislav Namestnikov,DET,C,32,1992-11-22,Zhukovskiy,,RUS,RUS,72,179,2011,T.B,1,27,27
Wade Allison,PHI,RW,27,1997-10-14,Carman,MB,CAN,CAN,74,205,2016,PHI,2,22,52
Warren Foegele,CAR,LW,29,1996-04-01,Markham,ON,CAN,CAN,74,198,2014,CAR,3,7,67
Wayne Simmonds,TOR,RW,36,1988-08-26,Scarborough,ON,CAN,CAN,74,184,2007,L.A,2,31,61
Will Butcher,NJD,D,30,1995-01-06,Sun Prairie,WI,USA,USA,70,195,2013,COL,5,2,123
William Borgen,BUF,D,28,1996-12-19,Moorhead,MN,USA,USA,75,204,2015,BUF,4,1,92
William Carrier,VGK,LW,30,1994-12-20,LaSalle,QC,CAN,CAN,74,218,2013,STL,2,27,57
William Karlsson,VGK,C,32,1993-01-08,Marsta,,SWE,SWE,72,190,2011,ANA,2,23,53
William Lagesson,EDM,D,29,1996-02-22,Gothenburg,,SWE,SWE,74,207,2014,EDM,4,1,91
William Lockwood,VAN,RW,26,1998-06-20,Royal Oak,MI,USA,USA,71,172,2016,VAN,3,3,64
William Nylander,TOR,RW,29,1996-05-01,Calgary,AB,CAN,SWE,72,204,2014,TOR,1,8,8
Wyatt Kalynuk,CHI,D,28,1997-04-14,Brandon,MB,CAN,CAN,73,180,2017,PHI,7,10,196
Xavier Ouellet,MTL,D,31,1993-07-29,Bayonne,,FRA,FRA,72,197,2011,DET,2,18,48
Yakov Trenin,NSH,C,28,1997-01-13,Chelyabinsk,,RUS,RUS,74,201,2015,NSH,2,25,55
Yanni Gourde,TBL,C,33,1991-12-15,Saint-Narcisse,QC,CAN,CAN,69,174,-,-,-,-,-
Yannick Weber,PIT,D,36,1988-09-23,Morges,,CHE,CHE,71,200,2007,MTL,3,12,73
Yegor Sharangovich,NJD,C,26,1998-06-06,Minsk,,BLR,BLR,74,196,2018,N.J,5,17,141
Zac Dalpe,CBJ,C,35,1989-11-01,Paris,ON,CAN,CAN,74,197,2008,CAR,2,15,45
Zac Jones,NYR,D,24,2000-10-18,Richmond,VA,USA,USA,70,178,2019,NYR,3,6,68
Zac Rinaldo,CGY,C,34,1990-06-15,Mississauga,ON,CAN,CAN,70,192,2008,PHI,6,27,178
Zach Aston-Reese,PIT,"C, LW",30,1994-08-10,Staten Island,NY,USA,USA,73,205,-,-,-,-,-
Zach Bogosian,TOR,D,34,1990-07-15,Massena,NY,USA,USA,74,222,2008,ATL,1,3,3
Zach Hyman,TOR,LW,32,1992-06-09,Toronto,ON,CAN,CAN,73,211,2010,FLA,5,3,123
Zach Parise,MIN,LW,40,1984-07-28,Minneapolis,MN,USA,USA,71,195,2003,N.J,1,17,17
Zach Sanford,STL,LW,30,1994-11-09,Salem,MA,USA,USA,76,206,2013,WSH,2,31,61
Zach Senyshyn,BOS,RW,28,1997-03-30,Ottawa,ON,CAN,CAN,73,205,2015,BOS,1,15,15
Zach Werenski,CBJ,D,27,1997-07-19,Grosse Pointe,MI,USA,USA,74,213,2015,CBJ,1,8,8
Zach Whitecloud,VGK,D,28,1996-11-28,Brandon,MB,CAN,CAN,74,207,-,-,-,-,-
Zack Kassian,EDM,RW,34,1991-01-24,Windsor,ON,CAN,CAN,75,211,2009,BUF,1,13,13
Zack MacEwen,VAN,C,28,1996-07-08,Charlottetown,PE,CAN,CAN,75,205,-,-,-,-,-
Zdeno Chara,WSH,D,48,1977-03-18,Trencin,,SVK,SVK,81,250,1996,NYI,3,4,56
